document_id,requirement_id,applicability_decision,applicability_reason,predicted_label,severity,governing_document,draft_location,draft_evidence,reference_id,reference_location,reference_evidence,explanation,confidence,recommended_human_action
DEV-HARBOR-CROSSING,CC-01,APPLIES,"Project metadata marks this a federal-aid contract funded under Title 23, so FHWA-1273 incorporation applies.",FLAG,Critical,Proposal_and_General_Notices.pdf,"Proposal_and_General_Notices.pdf, p1, line 12 (section ""Federal requirements"")",FHWA-1273 is incorporated by reference. No FHWA-1273 attachment is included in this package.,CC-01,FHWA-1273 I.1 / Challenge Reference Rule for CC-01,"For a federal-aid construction contract funded under Title 23, FHWA-1273 must be physically included in the package; a reference-only statement is insufficient.","The project metadata confirms this is a federal-aid contract (federal_aid: Yes), making FHWA-1273 physical incorporation mandatory under the Challenge Reference Rule. The governing document (Proposal_and_General_Notices.pdf) explicitly states that FHWA-1273 is 'incorporated by reference' only and that 'No FHWA-1273 attachment is included in this package.' This is a direct, affirmative statement that the form is not physically present — precisely the condition the Challenge Reference Rule flags as insufficient. No addendum revises this provision. The deviation is material and proven by the quoted package language.",0.86,Review and confirm: the FHWA-1273 form must be physically attached to the contract package. A reference-only incorporation does not satisfy the federal-aid requirement. Human reviewer should obtain the current FHWA-1273 form and ensure it is physically included before contract execution.
DEV-HARBOR-CROSSING,CC-02,APPLIES,DelDOT bid package governed by Section 102.8 proposal-guaranty requirements.,NO_FLAG,Info,Proposal_and_General_Notices.pdf,"Proposal_and_General_Notices.pdf, p1, lines 13-15 (section ""Proposal guaranty / bid bond"")",Proposal Guaranty. The proposal shall include acceptable bid security equal to ten percent (10%) of the total bid price.,CC-02,DelDOT Standard Specifications Section 102.8 / Challenge Reference Rule CC-02,"Where applicable, proposal guaranty must equal 10% of total bid price.",The governing document (Proposal_and_General_Notices.pdf) states verbatim that the proposal shall include acceptable bid security equal to ten percent (10%) of the total bid price. This precisely matches the Challenge Reference Rule requiring a proposal guaranty equal to 10% of the total bid price. No addendum revises this provision. The clause is fully compliant with the reference requirement.,0.94,No action required — confirm that a conforming bid bond or other acceptable bid security instrument equal to 10% of the total bid price is physically included in the submitted proposal package.
DEV-HARBOR-CROSSING,CC-03,APPLIES,"DelDOT proposal, so the Section 102.15 non-collusive bidding certification applies.",NO_FLAG,Info,Proposal_and_General_Notices.pdf,"Proposal_and_General_Notices.pdf, p1, lines 16-18 (section ""Non-collusive bidding certification"")",NON-COLLUSION CERTIFICATION - The required certification is to be completed and included with the proposal.,CC-03,"DelDOT Standard Specifications + General Notices, DelDOT 102.15 / Challenge Reference Rule CC-03",Required non-collusive bidding certification must be present; harmless formatting/capitalization changes are not deviations.,"The governing document (Proposal_and_General_Notices.pdf) contains a section explicitly headed 'Non-collusive bidding certification' and states that 'The required certification is to be completed and included with the proposal.' This carries the requirement forward by mandating that the certification be completed and included. No addendum revises this provision. The clause is consistent with the reference requirement and does not negate, narrow, or conflict with it. The capitalization difference ('NON-COLLUSION CERTIFICATION' vs. 'non-collusive bidding certification') is a harmless formatting variation expressly excluded from flagging by the Challenge Reference Rule. The clause satisfies the requirement.",0.86,"Review to confirm that the actual signed non-collusive bidding certification form is physically present in the executed proposal package at bid submission, as the clause mandates its inclusion but the reviewed package is a sample document and the executed form itself is not visible in the provided text."
DEV-HARBOR-CROSSING,CC-04,APPLIES,Contract execution package governed by Section 103.5 bond requirements.,NO_FLAG,Info,Addendum_B.pdf,"Addendum_B.pdf, p1, lines 7-8 (section ""Revision to Performance and payment bonds"")","Performance and Payment Bonds. Required bond coverage shall equal one hundred percent (100%) of the contract price, subject to the referenced surety conditions.",CC-04,Challenge Reference Rule (CC-04 / DelDOT 103.5),"Required performance and payment bond coverage is 100% of the contract price, subject to the referenced surety conditions.","Addendum_B.pdf explicitly revises the 'Performance and payment bonds' provision and governs over the earlier General_Conditions.pdf text (which stated 75% coverage). The Addendum replacement text at lines Addendum_B.pdf|p1|L7–L8 states bond coverage of 100% of the contract price, subject to the referenced surety conditions — exactly matching the Challenge Reference Rule. The earlier 75% figure in General_Conditions.pdf is superseded and must not be flagged. The governing Addendum text is fully compliant with the reference requirement.",0.88,No action required on this provision. Confirm that Addendum_B.pdf has been properly incorporated into the executed contract package and that the superseded General Conditions text (75% coverage) is not operative.
DEV-HARBOR-CROSSING,CC-05,APPLIES,Successful-bidder execution package governed by Section 103.7.,NO_FLAG,Info,General_Conditions.pdf,"General_Conditions.pdf, p1, lines 8-10 (section ""Contract execution and proof of insurance"")",Contract Execution and Insurance. The successful bidder shall return required execution documents within the reference period and furnish required proof of insurance.,CC-05,Challenge Reference Rule for CC-05 / DelDOT 103.7,"Required execution documents must be returned within 20 calendar days after notice of award, and acceptable proof/certificate of insurance must be furnished before contract execution.","The governing clause in General_Conditions.pdf (the highest-precedence document for this provision, with no Addendum revising it) states that the successful bidder shall return required execution documents 'within the reference period' and 'furnish required proof of insurance.' Under the decisive test, a clause that defers to the reference period rather than restating a different number is compliant — it incorporates the 20-calendar-day deadline by reference rather than contradicting it. Similarly, 'furnish required proof of insurance' preserves the obligation to provide proof/certificate of insurance without negating or altering the timing requirement (before contract execution). Neither element is omitted, negated, made optional, or affirmatively changed to a conflicting figure. The clause is therefore consistent with the Challenge Reference Rule and does not constitute a material deviation.",0.85,"No action required on this provision. Human reviewer should confirm that the phrase 'reference period' is understood by all parties to mean 20 calendar days after notice of award per DelDOT 103.7, and that 'furnish required proof of insurance' is understood to require delivery before contract execution."
DEV-HARBOR-CROSSING,CC-06,APPLIES,Delaware construction/maintenance contractor context described by the proposal.,NO_FLAG,Info,Proposal_and_General_Notices.pdf,"Proposal_and_General_Notices.pdf, p1, lines 19-21 (section ""Contractor Registration Act notice"")",Contractor Registration. A contractor or subcontractor performing covered work shall satisfy the required Delaware registration condition before beginning covered field work.,CC-06,Challenge Reference Rule for CC-06 (19 Del. C. § 3604),"For covered Delaware construction/maintenance work, the draft must not allow required contractor registration to occur only after work begins.","The governing document (Proposal_and_General_Notices.pdf) explicitly states that registration must be satisfied 'before beginning covered field work.' This directly complies with the Challenge Reference Rule, which prohibits allowing registration to occur only after work begins. The clause does not contradict, narrow, or make optional the pre-work registration requirement. No addendum revises this provision. The clause is fully consistent with the reference rule.",0.93,No action required — the contractor registration notice in Proposal_and_General_Notices.pdf satisfies the Challenge Reference Rule. Human reviewer should confirm no other package document contradicts this pre-work registration requirement.
DEV-HARBOR-CROSSING,CC-07,APPLIES,Delaware public works proposal subject to 29 Del. C. 6967 licensing.,NO_FLAG,Info,Proposal_and_General_Notices.pdf,"Proposal_and_General_Notices.pdf, p1, lines 22-24 (section ""Delaware business / subcontractor licenses"")",Licenses. Required Delaware contractor/business and subcontractor license evidence shall be furnished within the reference timing stated in the applicable contract documents.,CC-07,Challenge Reference Rule CC-07 / 29 Del. C. § 6967,"A current prime contractor occupational/business license must accompany the proposal. Subcontractor/independent-contractor license copies must be provided within 30 days after entering the public works contract, or within 10 days after a subcontractor/independent contractor is hired more than 20 days after contract entry.","The governing document (Proposal_and_General_Notices.pdf) carries the Delaware business/subcontractor licenses clause at lines L22–L24. Rather than restating the specific deadlines (with-proposal for prime, 30-day/10-day for subcontractors), the clause defers to 'the reference timing stated in the applicable contract documents.' Under the operating rules, a clause that defers to the reference rather than repeating its figures is compliant — a missing number is not an omission when the clause defers to the reference and contradicts nothing. The package text does not affirmatively conflict with any figure, deadline, or scope element in the reference rule; it neither shortens nor eliminates any obligation. No addendum revises this provision. Accordingly, no material deviation is present.",0.87,"Review and confirm — the clause defers to reference timing rather than restating the specific deadlines (with-proposal prime license; 30-day/10-day subcontractor deadlines). Human reviewer should verify that the 'applicable contract documents' referenced are available to bidders and do in fact contain the statutory deadlines, ensuring the deferral is substantively effective."
DEV-HARBOR-CROSSING,CC-08,APPLIES,"Project metadata lists issued addenda (Addendum 1, Addendum 2, Addendum 3).",FLAG,High,Proposal_and_General_Notices.pdf,"Proposal_and_General_Notices.pdf, p1, lines 25-27 (section ""Addenda and Q&A; currency"")",Addenda Acknowledgment. Only the Addenda expressly listed in the original proposal need be acknowledged; later issued Addenda may be disregarded.,CC-08,Challenge Reference Rule — CC-08 Addenda and Q&A currency,Use the latest provided Addendum/package version. A draft that ignores a later issued Addendum is a finding.,"The Challenge Reference Rule requires that the package acknowledge the current (latest) addenda and not treat the original proposal as self-updating. The governing document, Proposal_and_General_Notices.pdf, contains an explicit clause stating that 'later issued Addenda may be disregarded.' This directly contradicts the reference rule, which mandates use of the latest Addendum/package version and treats ignoring a later-issued Addendum as a finding. The project metadata confirms three addenda were issued (Addendum 1, Addendum 2, Addendum 3), and the package itself lists them at line Proposal_and_General_Notices.pdf|p1|L9. The clause affirmatively negates the obligation to acknowledge later-issued addenda, which is a material deviation. No subsequent Addendum in the package revises this provision — Addendum A makes no changes, Addendum B addresses bonds, and Addendum C addresses change notification. The deviation is unambiguous and unresolved.",0.88,"Review and confirm: the Addenda Acknowledgment clause in Proposal_and_General_Notices.pdf explicitly permits later-issued addenda to be disregarded, directly conflicting with the requirement to acknowledge current addenda. This clause should be revised to require acknowledgment of all issued addenda (Addendum 1, 2, and 3) before the package is finalized."
DEV-HARBOR-CROSSING,CC-09,APPLIES,Project metadata states Buy America/BABA requirements apply to this federal-aid project.,FLAG,Critical,Proposal_and_General_Notices.pdf,"Proposal_and_General_Notices.pdf, p1, lines 7,28,29 (section ""Buy America/BABA applicable Yes"")",Buy America / BABA. Domestic-content requirements do not apply to this project.,CC-09,"Challenge Reference Rule (CC-09): Apply Buy America/BABA only when project metadata/reference indicates it applies; if applicable, a clause saying it does not apply is a finding.",Project metadata states Buy America/BABA requirements apply to this federal-aid project (buy_america_baba_applicable: Yes). A clause stating the requirement does not apply is a material deviation.,"The project metadata at line Proposal_and_General_Notices.pdf|p1|L7 explicitly states 'Buy America/BABA applicable Yes', confirming the requirement applies. However, the Buy America / BABA applicability clause at lines Proposal_and_General_Notices.pdf|p1|L28–L29 affirmatively states 'Domestic-content requirements do not apply to this project.' This directly contradicts the metadata and the Challenge Reference Rule. No addendum revises this provision — Addendum A makes no changes, Addendum B addresses bonds, and Addendum C addresses change notification. The governing document (Proposal_and_General_Notices.pdf) therefore contains a clause that negates a requirement the metadata marks as applicable, which is precisely the scenario the Challenge Reference Rule identifies as a finding.",0.91,"Human review required: The Buy America/BABA clause in Proposal_and_General_Notices.pdf affirmatively states domestic-content requirements do not apply, directly contradicting the project metadata marking the requirement as applicable. This clause should be corrected or an addendum issued to reinstate Buy America/BABA applicability and certification language before bid or award."
DEV-HARBOR-CROSSING,CC-10,APPLIES,"Multiple contract documents are incorporated and may conflict, so DelDOT 105.6 applies.",NO_FLAG,Info,General_Conditions.pdf,"General_Conditions.pdf, p1, lines 11-13 (section ""Coordination / order of precedence"")",Coordination. Contract documents are complementary. Conflicts shall be resolved using the order of precedence supplied in the applicable contract documents.,CC-10,DelDOT 105.6 / Challenge Reference Rule CC-10,Treat contract documents as complementary and resolve conflicts using the stated order of precedence: General Description > General Notices > Plans > Special Provisions > Standard Construction Details > Standard Specifications > Electronic Design Data Files.,"The governing clause in General_Conditions.pdf (the highest-ranked document for this provision per the precedence determination) states that contract documents are complementary and that conflicts shall be resolved using 'the order of precedence supplied in the applicable contract documents.' This is a compliant incorporation-by-reference formulation: it affirms the complementary-documents principle and defers to the governing precedence sequence rather than restating or altering it. It does not negate, reorder, or contradict the DelDOT 105.6 hierarchy. No Addendum revises this provision. The clause is therefore consistent with the reference requirement, and the absence of the explicit enumerated sequence is not a deviation because the clause defers to the applicable contract documents rather than contradicting them.",0.87,"No action required. Human reviewer should confirm that the phrase 'the applicable contract documents' is understood by all parties to incorporate the DelDOT 105.6 precedence sequence, but no material deviation is present."
DEV-HARBOR-CROSSING,CC-11,APPLIES,Package includes contract-change / differing-site-condition provisions.,NO_FLAG,Info,General_Conditions.pdf,"General_Conditions.pdf, p1, lines 14-16 (section ""Contract changes must follow written process"")","Contract Changes. Scope, price, or time changes require the documented written process; oral direction alone does not modify the contract.",CC-11,DelDOT 104.2 / Challenge Reference Rule CC-11,Material contract changes must follow the documented written process; oral direction alone must not immediately alter scope/price/time.,"The governing document (General_Conditions.pdf) contains a clause under the heading 'Contract changes must follow written process' that directly mirrors the Challenge Reference Rule: it requires the documented written process for scope, price, or time changes and explicitly states that oral direction alone does not modify the contract. No Addendum revises this provision. The clause is substantively compliant — it preserves the same obligation (written process required; oral direction insufficient) using equivalent language. There is no affirmative conflict, no negation of the requirement, and no bypass of the written change mechanism.",0.87,No action required on this provision. Human reviewer should confirm that General_Conditions.pdf is the highest-precedence document addressing CC-11 and that no other package text contradicts this clause.
DEV-HARBOR-CROSSING,CC-12,APPLIES,Package includes change-notification requirements under DelDOT 104.3.,NO_FLAG,Info,Addendum_C.pdf,"Addendum_C.pdf, p1, lines 7-8 (section ""Revision to Notification of contract changes"")",Change Notification. Alleged changes require timely written notice and the reference follow-up documentation within the stated period.,CC-12,Challenge Reference Rule (CC-12 / DelDOT 104.3),"An alleged contract change requires immediate oral and written notice, affected work proceeds only after written direction, and the required written follow-up information is due within 7 calendar days of the initial notice unless a later governing document validly revises that provision.","Addendum_C.pdf explicitly revises the 'Notification of contract changes' provision and, per the precedence instructions, governs over the earlier General_Conditions.pdf text (which had extended the follow-up deadline to 30 calendar days — a material deviation). The Addendum replacement text states that 'alleged changes require timely written notice and the reference follow-up documentation within the stated period.' This language defers to the reference rather than substituting a conflicting figure or negating any element: 'timely written notice' preserves the immediacy requirement; 'reference follow-up documentation' preserves the required written follow-up content; and 'within the stated period' defers to the reference's 7-calendar-day deadline without contradicting it. Under the operating rules, a clause that carries the requirement forward by pointing at the governing reference instead of repeating its numbers is compliant. The Addendum corrects the earlier 30-day deviation, and the replacement text itself does not affirmatively conflict with the Challenge Reference Rule. The superseded General_Conditions.pdf text (lines General_Conditions.pdf|p1|L18–L19) is not a finding because it has been overridden by Addendum_C.pdf.",0.84,No action required on this provision. Human reviewer should confirm that Addendum_C.pdf is the final governing version and that no subsequent addendum further modifies the change-notification clause. The superseded 30-day deadline in General_Conditions.pdf need not be actioned but may be noted for record clarity.
DEV-HARBOR-CROSSING,CC-13,APPLIES,Contract and subcontract performance records are subject to the Right to Audit notice.,NO_FLAG,Info,Proposal_and_General_Notices.pdf,"Proposal_and_General_Notices.pdf, p2, lines 2-3 (section ""Right to audit and record retention"")",Audit Records. Prime and subcontract performance records remain reviewable and are retained for 36 months following final payment.,CC-13,Challenge Reference Rule — CC-13 Right to Audit,Relevant prime-contractor and subcontractor records supporting contract performance must be available for audit and retained for three years after final payment.,"The package clause at Proposal_and_General_Notices.pdf p2 L2–L3 states that prime and subcontract performance records 'remain reviewable' (preserving audit rights) and 'are retained for 36 months following final payment.' Thirty-six months is the numerical equivalent of three years; the retention period is not shortened. The scope covers both prime and subcontractor records, matching the reference. No addendum revises this provision. The clause is fully compliant with the Challenge Reference Rule in substance.",0.94,No action required — confirm that '36 months' is understood as equivalent to the three-year retention period stated in the reference requirement.
DEV-HARBOR-CROSSING,CC-14,APPLIES,"Project metadata indicates subcontractors will be used, so DelDOT 108.1 subletting limits apply.",NO_FLAG,Info,General_Conditions.pdf,"General_Conditions.pdf, p1, lines 20-22 (section ""Contract subletting"")",Subcontracting. Required Department approval/limits apply and the prime contractor remains responsible for contract performance.,CC-14,DelDOT Section 108.1 (Challenge Reference Rule for CC-14),Prime performs no less than 50% of the total original contract price with its own organization (excluding designated specialty items); subletting requires written consent; prime is not relieved of contract responsibility.,The governing clause at General_Conditions.pdf|p1|L21-22 states that 'Required Department approval/limits apply and the prime contractor remains responsible for contract performance.' This is a deferral to the reference rather than a contradiction of it. The phrase 'Required Department approval/limits apply' incorporates by reference the 50% self-performance threshold and written-consent requirement of DelDOT 108.1 without restating the specific figure — a missing number is not an omission when the clause defers to the reference and contradicts nothing. The prime's continuing responsibility is expressly preserved. No Addendum revises this provision. The clause is consistent with the Challenge Reference Rule and does not affirmatively conflict with any element of it.,0.85,Review and confirm — the subletting clause defers to DelDOT 108.1 limits rather than restating them; confirm that project-specific subcontracting documentation (DBE/subcontractor approval forms) will enforce the 50% self-performance threshold at execution.
DEV-HARBOR-CROSSING,CC-15,DOES_NOT_APPLY,"Project metadata records no claim scenario, so the claims procedure is not exercised.",NO_FLAG,Info,Proposal_and_General_Notices.pdf,,,CC-15,DelDOT Standard Specifications - DelDOT 105.15,"When a claim scenario applies, the challenge benchmark requires the reference notice/documentation process and a written claim within 30 calendar days after completion of the work described in the notice of intent, together with applicable Section 104.3 notice compliance. Harmless paraphrases are not findings.","Requirement does not apply to this package. Project metadata records no claim scenario, so the claims procedure is not exercised. No clause comparison was performed.",0.95,No action; confirm applicability against project metadata.
DEV-HARBOR-CROSSING,CC-16,APPLIES,Project metadata records a delay/time-extension scenario.,FLAG,Medium,General_Conditions.pdf,"General_Conditions.pdf, p1, lines 23-25 (section ""Extensions of contract time"")",Time Extensions. Any delay automatically extends contract time for the length of the delay without further demonstration or timely supporting notice.,CC-16,Challenge Reference Rule for CC-16 / DelDOT 108.7,"An extension requires an excusable delay, a timely written request/notice under the reference process, and an effect on the critical path/substantial-completion time. Delay does not create an automatic time extension.","The governing document (General_Conditions.pdf) states that 'any delay automatically extends contract time for the length of the delay without further demonstration or timely supporting notice.' This directly and affirmatively conflicts with all three elements of the Challenge Reference Rule: (1) it eliminates the requirement for an excusable delay by applying to 'any delay'; (2) it eliminates the timely written notice/request requirement by stating no 'timely supporting notice' is needed; and (3) it eliminates the critical-path/substantial-completion effect requirement by granting an extension 'without further demonstration.' No addendum revises this provision — Addendum A makes no changes, Addendum B addresses bonds, and Addendum C addresses change notification. The General_Conditions.pdf is the governing document per the precedence determination. The deviation is material and provable by direct quotation.",0.89,"Human review required. The time-extension clause in General_Conditions.pdf should be revised to reinstate the three mandatory elements under DelDOT 108.7: (1) the delay must be excusable, (2) the contractor must submit a timely written request/notice, and (3) the delay must affect the critical path or substantial-completion time. The current automatic-extension language removes all contractor obligations and should not be allowed to stand without deliberate, documented approval."
DEV-HARBOR-CROSSING,CC-17,APPLIES,Package includes a liquidated-damages provision or governing schedule.,NO_FLAG,Info,Special_Provisions.pdf,"Special_Provisions.pdf, p1, lines 5-7 (section ""Liquidated damages schedule / rate logic"")",Liquidated Damages. The governing contract/reference schedule shall be used; no single invented flat rate applies to all contract values.,CC-17,DelDOT Standard Specifications Section 108.9 / Challenge Reference Rule CC-17,Liquidated-damages rate logic must be tied to the applicable reference schedule rather than an unsupported arbitrary amount; a universal invented flat daily rate is a material deviation.,"The Special Provisions clause at Special_Provisions.pdf|p1|L6–L7 expressly defers to 'the governing contract/reference schedule' and affirmatively states that 'no single invented flat rate applies to all contract values.' This language is fully consistent with the Challenge Reference Rule: it incorporates the reference schedule by reference and explicitly rejects the very deviation the rule prohibits (a universal invented flat daily rate). No addendum revises this provision. The clause does not invent or substitute an arbitrary flat rate; it points to the governing schedule, which preserves the Section 108.9 obligation. No material deviation exists.",0.86,"No action required. Confirm that the referenced governing schedule is the DelDOT 108.9 schedule applicable to this contract value ($3,250,000) and that no separate schedule document contradicts this provision."
DEV-HARBOR-CROSSING,CC-18,DOES_NOT_APPLY,"Project metadata records no changed-work event, so change-pricing review does not apply.",NO_FLAG,Info,General_Conditions.pdf,,,CC-18,DelDOT Standard Specifications - DelDOT 109.4,"When changed work applies, the challenge benchmark pricing sequence is: applicable contract unit prices first, then negotiated prices, then force-account pricing if agreement is not reached, subject to the reference notice/documentation process. A fixed arbitrary markup that replaces this workflow is a material deviation.","Requirement does not apply to this package. Project metadata records no changed-work event, so change-pricing review does not apply. No clause comparison was performed.",0.95,No action; confirm applicability against project metadata.
DEV-MAPLE-RIDGE,CC-01,DOES_NOT_APPLY,"Project metadata marks this project as not federal-aid, so FHWA-1273 incorporation does not apply.",NO_FLAG,Info,Proposal_and_General_Notices.pdf,,,CC-01,FHWA-1273 + federal-aid proposal - FHWA-1273 I.1,"If federal-aid metadata makes FHWA-1273 applicable, the form must be physically included in the package; a reference-only statement is insufficient for challenge scoring.","Requirement does not apply to this package. Project metadata marks this project as not federal-aid, so FHWA-1273 incorporation does not apply. No clause comparison was performed.",0.95,No action; confirm applicability against project metadata.
DEV-MAPLE-RIDGE,CC-02,APPLIES,DelDOT bid package governed by Section 102.8 proposal-guaranty requirements.,NO_FLAG,Info,Proposal_and_General_Notices.pdf,"Proposal_and_General_Notices.pdf, p1, lines 12-13 (section ""Proposal guaranty / bid bond"")",Bid Security. Security accompanying the proposal must be in an acceptable form and total one-tenth (10%) of the bid amount.,CC-02,DelDOT 102.8 / Challenge Reference Rule CC-02,Proposal guaranty must equal 10% of total bid price and must be in an acceptable form.,The governing document (Proposal_and_General_Notices.pdf) states the bid security must be 'in an acceptable form and total one-tenth (10%) of the bid amount.' One-tenth (10%) of the bid amount is mathematically identical to 10% of the total bid price. The requirement for acceptable form is also preserved. No Addendum revises this provision. The clause fully satisfies the Challenge Reference Rule without conflict.,0.93,No action required — the proposal guaranty clause in Proposal_and_General_Notices.pdf complies with the 10% requirement. Confirm at bid opening that the submitted security instrument is in an acceptable form and equals 10% of the submitted bid price.
DEV-MAPLE-RIDGE,CC-03,APPLIES,"DelDOT proposal, so the Section 102.15 non-collusive bidding certification applies.",NO_FLAG,Info,Proposal_and_General_Notices.pdf,"Proposal_and_General_Notices.pdf, p1, lines 14-16 (section ""Non-collusive bidding certification"")",NON-COLLUSION CERTIFICATION - The required certification is to be completed and included with the proposal.,CC-03,DelDOT 102.15 / Challenge Reference Rule CC-03,Required non-collusive bidding certification must be present; harmless formatting/capitalization changes are not deviations.,"The governing document (Proposal_and_General_Notices.pdf) contains a heading 'Non-collusive bidding certification' and the clause 'NON-COLLUSION CERTIFICATION - The required certification is to be completed and included with the proposal.' This carries the requirement forward: it mandates that the certification be completed and included with the proposal, which is substantively equivalent to the reference requirement. The capitalization difference ('NON-COLLUSION' vs. 'non-collusive') is a harmless formatting variation expressly excluded from being a deviation by the Challenge Reference Rule. No Addendum revises this provision. The clause is compliant.",0.91,"No action required. Confirm at bid opening that the signed non-collusive bidding certification form is physically present in the submitted proposal package, as the clause mandates its inclusion."
DEV-MAPLE-RIDGE,CC-04,APPLIES,Contract execution package governed by Section 103.5 bond requirements.,NO_FLAG,Info,Addendum_A.pdf,"Addendum_A.pdf, p1, lines 7-8 (section ""Revision to Performance and payment bonds"")","Performance and Payment Bonds. Required bond coverage shall equal one hundred percent (100%) of the contract price, subject to the referenced surety conditions.",CC-04,Challenge Reference Rule (CC-04 / DelDOT 103.5),"Required performance and payment bond coverage is 100% of the contract price, subject to the referenced surety conditions.","Addendum_A.pdf explicitly revises the Performance and Payment Bonds provision and governs over the earlier General_Conditions.pdf text (which stated 75% coverage). The Addendum replacement text at lines Addendum_A.pdf|p1|L7–L8 states bond coverage shall equal 100% of the contract price, subject to the referenced surety conditions — exactly matching the Challenge Reference Rule. The superseded 75% figure in General_Conditions.pdf|p1|L6–L7 is not a finding because it has been overridden by the governing Addendum. No material deviation exists in the governing text.",0.88,"No action required on this provision. Confirm that Addendum_A.pdf has been formally issued and acknowledged by the contractor as the governing document, superseding the 75% figure in the General Conditions."
DEV-MAPLE-RIDGE,CC-05,APPLIES,Successful-bidder execution package governed by Section 103.7.,NO_FLAG,Info,General_Conditions.pdf,"General_Conditions.pdf, p1, lines 8-10 (section ""Contract execution and proof of insurance"")",Contract Execution and Insurance. The successful bidder shall return required execution documents within the reference period and furnish required proof of insurance.,CC-05,Challenge Reference Rule for CC-05 / DelDOT 103.7,"Required execution documents must be returned within 20 calendar days after notice of award, and acceptable proof/certificate of insurance must be furnished before contract execution.","The governing clause in General_Conditions.pdf (the highest-precedence document for this provision) states that the successful bidder shall return required execution documents 'within the reference period' and 'furnish required proof of insurance.' Under the decisional rules, a clause that defers to the reference period rather than restating a specific number is compliant — it incorporates the 20-calendar-day deadline by reference and contradicts nothing. Similarly, 'furnish required proof of insurance' preserves the obligation to provide proof/certificate of insurance without negating or altering the timing requirement (before contract execution). No Addendum revises this provision. The clause is consistent with the Challenge Reference Rule and represents no material deviation.",0.86,"No action required on CC-05. Human reviewer should confirm that the contract package's reference to 'the reference period' is understood by all parties to mean 20 calendar days after notice of award per DelDOT 103.7, and that 'furnish required proof of insurance' is understood to require delivery before contract execution."
DEV-MAPLE-RIDGE,CC-06,APPLIES,Delaware construction/maintenance contractor context described by the proposal.,NO_FLAG,Info,Proposal_and_General_Notices.pdf,"Proposal_and_General_Notices.pdf, p1, lines 17-19 (section ""Contractor Registration Act notice"")",Registration. Required Delaware contractor registration must be in place before covered field operations commence.,CC-06,Challenge Reference Rule for CC-06 (19 Del. C. § 3604),"For covered Delaware construction/maintenance work, the draft must not allow required contractor registration to occur only after work begins.","The governing document (Proposal_and_General_Notices.pdf) explicitly states that registration 'must be in place before covered field operations commence.' This directly satisfies the Challenge Reference Rule, which prohibits allowing registration to occur only after work begins. The clause does not permit post-commencement registration; it mandates pre-commencement registration. No Addendum revises this provision. The clause is fully compliant with the reference rule.",0.93,No action required — the Contractor Registration Act notice clause in Proposal_and_General_Notices.pdf satisfies the reference requirement. Human reviewer may confirm no other package text contradicts this provision.
DEV-MAPLE-RIDGE,CC-07,APPLIES,Delaware public works proposal subject to 29 Del. C. 6967 licensing.,NO_FLAG,Info,Addendum_A.pdf,"Addendum_A.pdf, p1, lines 11-12 (section ""Revision to Delaware business / subcontractor licenses"")",Licenses. Required Delaware contractor/business and subcontractor license evidence shall be furnished within the reference timing stated in the applicable contract documents.,CC-07,29 Del. C. § 6967 / Challenge Reference Rule CC-07,"A current prime contractor occupational/business license must accompany the proposal; subcontractor/independent-contractor license copies must be provided within 30 days after entering the public works contract, or within 10 days after a subcontractor/independent contractor is hired more than 20 days after contract entry.","Addendum_A.pdf explicitly revises the 'Delaware business / subcontractor licenses' provision and governs over the earlier Proposal_and_General_Notices.pdf text (lines L21-L22), which conflicted with the reference by stating bidder license evidence is not required with the proposal and allowing 60 days for subcontractor licenses. The Addendum replacement text at lines L11-L12 defers entirely to 'the reference timing stated in the applicable contract documents,' which is a compliant incorporation-by-reference formulation. It does not contradict, narrow, or alter any figure, deadline, or obligation in the Challenge Reference Rule. The superseded earlier text is not a finding. The Addendum text satisfies the requirement.",0.91,"No action required on this provision. Human reviewer should confirm that the applicable contract documents referenced by the Addendum do in fact carry the correct statutory timing (proposal-stage prime license; 30-day/10-day subcontractor deadlines), but the Addendum replacement text itself is compliant."
DEV-MAPLE-RIDGE,CC-08,APPLIES,Project metadata lists issued addenda (Addendum 1).,FLAG,High,Proposal_and_General_Notices.pdf,"Proposal_and_General_Notices.pdf, p1, lines 24-25 (section ""Addenda and Q&A; currency"")",Only the Addenda expressly listed in the original proposal need be acknowledged; later issued Addenda may be disregarded.,CC-08,Challenge Reference Rule (CC-08) — Use the latest provided Addendum/package version. A draft that ignores a later issued Addendum is a finding.,The Challenge Reference Rule requires that the package acknowledge the current addenda/Q&A and not treat the original proposal as self-updating; a draft that ignores a later issued Addendum is a finding.,"The governing document (Proposal_and_General_Notices.pdf) explicitly states that 'later issued Addenda may be disregarded.' This directly conflicts with the Challenge Reference Rule, which mandates acknowledgment of the latest issued Addendum (Addendum 1 is listed in project metadata as issued). The clause affirmatively permits ignoring later-issued addenda, which is the precise deviation the rule identifies as a finding. No Addendum in the package revises this specific provision — Addendum_A.pdf addresses bonds and licenses, not addenda acknowledgment currency. The superseded-text exception does not apply here because no governing addendum corrects this clause. The package therefore treats the original proposal as self-updating, which is a material deviation.",0.87,"Human review required: The addenda acknowledgment clause in Proposal_and_General_Notices.pdf expressly permits disregarding later-issued addenda, conflicting with the requirement to acknowledge current addenda. Confirm whether a corrective addendum or revised clause is needed before contract execution."
DEV-MAPLE-RIDGE,CC-09,DOES_NOT_APPLY,Project metadata states Buy America/BABA requirements do not apply to this project.,NO_FLAG,Info,Proposal_and_General_Notices.pdf,,,CC-09,Federal-aid DelDOT proposal General Notices - Buy America Requirement,"Apply Buy America/BABA only when project metadata/reference indicates it applies; if applicable, a clause saying it does not apply is a finding.",Requirement does not apply to this package. Project metadata states Buy America/BABA requirements do not apply to this project. No clause comparison was performed.,0.95,No action; confirm applicability against project metadata.
DEV-MAPLE-RIDGE,CC-10,APPLIES,"Multiple contract documents are incorporated and may conflict, so DelDOT 105.6 applies.",NO_FLAG,Info,General_Conditions.pdf,"General_Conditions.pdf, p1, lines 11-13 (section ""Coordination / order of precedence"")","Document Coordination. Read all contract documents together; when a conflict exists, apply the same priority sequence listed in the applicable contract documents.",CC-10,DelDOT 105.6 / Challenge Reference Rule CC-10,Treat contract documents as complementary and resolve conflicts using the stated order of precedence: General Description > General Notices > Plans > Special Provisions > Standard Construction Details > Standard Specifications > Electronic Design Data Files.,"The governing clause in General_Conditions.pdf (the highest-ranked document for this provision) instructs that all contract documents be read together and that conflicts be resolved by applying 'the same priority sequence listed in the applicable contract documents.' This is a compliant incorporation-by-reference formulation: it preserves both the complementary-treatment obligation and the conflict-resolution obligation by deferring to the priority sequence in the applicable contract documents rather than restating the full hierarchy. Under the operating rules, a clause that defers to the reference rather than repeating its figures or sequence is NOT a deviation. No Addendum revises this provision. No package text affirmatively contradicts, narrows, or reorders the DelDOT 105.6 hierarchy. The clause is therefore compliant.",0.87,No action required. Confirm that the referenced 'priority sequence listed in the applicable contract documents' is understood by project staff to mean the DelDOT 105.6 hierarchy; no substantive revision needed.
DEV-MAPLE-RIDGE,CC-11,APPLIES,Package includes contract-change / differing-site-condition provisions.,NO_FLAG,Info,General_Conditions.pdf,"General_Conditions.pdf, p1, lines 14-16 (section ""Contract changes must follow written process"")","Contract Changes. Scope, price, or time changes require the documented written process; oral direction alone does not modify the contract.",CC-11,DelDOT 104.2 / Challenge Reference Rule CC-11,Material contract changes must follow the documented written process; oral direction alone must not immediately alter scope/price/time.,"The governing document (General_Conditions.pdf) contains a clause under the heading 'Contract changes must follow written process' that directly mirrors the Challenge Reference Rule. It states that scope, price, or time changes require the documented written process and that oral direction alone does not modify the contract. This is substantively identical to the reference requirement. No Addendum revises this provision. The clause is fully compliant; there is no material deviation.",0.88,No action required — the contract change provision in General_Conditions.pdf is consistent with the reference requirement. Confirm no other document in the package contradicts this clause.
DEV-MAPLE-RIDGE,CC-12,APPLIES,Package includes change-notification requirements under DelDOT 104.3.,NO_FLAG,Info,General_Conditions.pdf,"General_Conditions.pdf, p1, lines 17-19 (section ""Notification of contract changes"")",Change Notification. Alleged changes require timely written notice and the reference follow-up documentation within the stated period.,CC-12,Challenge Reference Rule for CC-12 / DelDOT 104.3,"An alleged contract change requires immediate oral and written notice, affected work proceeds only after written direction, and the required written follow-up information is due within 7 calendar days of the initial notice.","The governing document (General_Conditions.pdf) addresses change notification at lines L17–L19. The clause states that 'alleged changes require timely written notice and the reference follow-up documentation within the stated period.' This language defers to the reference timing ('within the stated period') rather than contradicting it, and it does not affirmatively conflict with any element of the Challenge Reference Rule. It does not reduce the 7-day deadline, make notice optional, or negate the written-direction requirement. Under the operating rules, a clause that defers to the reference rather than repeating its figures is compliant — a missing number is not an omission when the clause defers to the reference and contradicts nothing. No Addendum revises this provision. Accordingly, no material deviation is present.",0.82,No action required on this provision; the clause defers to the reference timing and does not conflict with the 7-calendar-day follow-up deadline or other elements of CC-12. Human reviewer should confirm that the underlying referenced standard (DelDOT 104.3) is incorporated into the contract documents accessible to the contractor.
DEV-MAPLE-RIDGE,CC-13,APPLIES,Contract and subcontract performance records are subject to the Right to Audit notice.,FLAG,Medium,Proposal_and_General_Notices.pdf,"Proposal_and_General_Notices.pdf, p1, lines 27-28 (section ""Right to audit and record retention"")",Only prime-contractor records are subject to audit and records need be retained for one (1) year after final payment.,CC-13,Challenge Reference Rule – CC-13 Right to Audit,Relevant prime-contractor and subcontractor records supporting contract performance must be available for audit and retained for three years after final payment.,"The package text deviates from the reference in two material respects. First, it limits audit scope to 'only prime-contractor records,' expressly excluding subcontractor records, whereas the reference requires both prime-contractor and subcontractor records to be available for audit. Second, it shortens the retention period from three years (as required) to one (1) year after final payment. Both are affirmative conflicts with specific figures and scope obligations stated in the reference. No Addendum revises this provision, and the governing document (Proposal_and_General_Notices.pdf) carries this defective text. Human review is recommended to correct both the scope limitation and the retention period.",0.94,"Review and correct the Right to Audit clause to (1) extend audit scope to include subcontractor records and (2) restore the retention period to three years after final payment, consistent with the reference requirement."
DEV-MAPLE-RIDGE,CC-14,DOES_NOT_APPLY,"Project metadata indicates no subcontracting is planned, so the subletting requirement does not apply.",NO_FLAG,Info,General_Conditions.pdf,,,CC-14,DelDOT Standard Specifications - DelDOT 108.1,"When subcontracting applies, use DelDOT Section 108.1 as the challenge baseline: the prime performs no less than 50% of the total original contract price with its own organization, excluding designated specialty items as provided by the reference; subletting requires written consent and does not relieve the prime of contract responsibility.","Requirement does not apply to this package. Project metadata indicates no subcontracting is planned, so the subletting requirement does not apply. No clause comparison was performed.",0.95,No action; confirm applicability against project metadata.
DEV-MAPLE-RIDGE,CC-15,DOES_NOT_APPLY,"Project metadata records no claim scenario, so the claims procedure is not exercised.",NO_FLAG,Info,Proposal_and_General_Notices.pdf,,,CC-15,DelDOT Standard Specifications - DelDOT 105.15,"When a claim scenario applies, the challenge benchmark requires the reference notice/documentation process and a written claim within 30 calendar days after completion of the work described in the notice of intent, together with applicable Section 104.3 notice compliance. Harmless paraphrases are not findings.","Requirement does not apply to this package. Project metadata records no claim scenario, so the claims procedure is not exercised. No clause comparison was performed.",0.95,No action; confirm applicability against project metadata.
DEV-MAPLE-RIDGE,CC-16,DOES_NOT_APPLY,"Project metadata records no delay scenario, so time-extension review does not apply.",NO_FLAG,Info,General_Conditions.pdf,,,CC-16,DelDOT Standard Specifications + project metadata - DelDOT 108.7,"When a delay scenario applies, an extension requires an excusable delay, a timely written request/notice under the reference process, and an effect on the critical path/substantial-completion time. Delay does not create an automatic time extension.","Requirement does not apply to this package. Project metadata records no delay scenario, so time-extension review does not apply. No clause comparison was performed.",0.95,No action; confirm applicability against project metadata.
DEV-MAPLE-RIDGE,CC-17,APPLIES,Package includes a liquidated-damages provision or governing schedule.,NO_FLAG,Info,Special_Provisions.pdf,"Special_Provisions.pdf, p1, lines 5-7 (section ""Liquidated damages schedule / rate logic"")",Liquidated Damages. The governing contract/reference schedule shall be used; no single invented flat rate applies to all contract values.,CC-17,DelDOT Standard Specifications Section 108.9 / Challenge Reference Rule CC-17,Liquidated-damages rate logic must be tied to the applicable reference schedule rather than a universal invented flat daily rate.,"The Special Provisions clause at the governing document expressly states that 'the governing contract/reference schedule shall be used' and explicitly negates the prohibited deviation by confirming 'no single invented flat rate applies to all contract values.' This is fully consistent with the Challenge Reference Rule, which requires rate logic tied to the applicable reference schedule and prohibits a universal invented flat daily rate. The clause defers to the reference schedule rather than substituting an arbitrary figure, which is compliant under the NO_FLAG criteria. No Addendum revises this provision. No material deviation exists.",0.86,No action required. Confirm that the referenced governing schedule is the DelDOT 108.9 schedule and that the applicable contract-value tier has been identified in the project file.
DEV-MAPLE-RIDGE,CC-18,DOES_NOT_APPLY,"Project metadata records no changed-work event, so change-pricing review does not apply.",NO_FLAG,Info,General_Conditions.pdf,,,CC-18,DelDOT Standard Specifications - DelDOT 109.4,"When changed work applies, the challenge benchmark pricing sequence is: applicable contract unit prices first, then negotiated prices, then force-account pricing if agreement is not reached, subject to the reference notice/documentation process. A fixed arbitrary markup that replaces this workflow is a material deviation.","Requirement does not apply to this package. Project metadata records no changed-work event, so change-pricing review does not apply. No clause comparison was performed.",0.95,No action; confirm applicability against project metadata.
DEV-NORTHFIELD,CC-01,APPLIES,"Project metadata marks this a federal-aid contract funded under Title 23, so FHWA-1273 incorporation applies.",NO_FLAG,Info,FHWA_1273_Contract_Provisions_Attachment.pdf,"FHWA_1273_Contract_Provisions_Attachment.pdf, p1, lines 6,7,11,12 (section ""Attachment status""); Proposal_and_General_Notices.pdf, p1, line 12 (section ""Federal requirements"")","The FHWA-1273 required contract provisions attachment is represented as physically included in this sample package. [...] For purposes of this sample package, the presence of this attachment represents physical inclusion of the referenced federal provision.",CC-01,Challenge Reference Rule (CC-01 / FHWA-1273 I.1),"If federal-aid metadata makes FHWA-1273 applicable, the form must be physically included in the package; a reference-only statement is insufficient for challenge scoring.","The governing document (FHWA_1273_Contract_Provisions_Attachment.pdf) explicitly states that the FHWA-1273 form 'is represented as physically included in this sample package' and that 'the presence of this attachment represents physical inclusion of the referenced federal provision.' The Proposal and General Notices further confirms: 'FHWA-1273 is physically included in this package as an attachment.' The package therefore asserts physical inclusion rather than mere reference-only incorporation. The Challenge Reference Rule flags only a covered contract that 'only references FHWA-1273 instead of physically including the form.' Because the package affirmatively represents physical inclusion, no material deviation from the rule is established. No conflicting language negates or qualifies this inclusion. Accordingly, no flag is warranted.",0.79,"Review and confirm that the FHWA-1273 form text is substantively present in the attachment file and not merely a placeholder page; if the attachment contains only the cover sheet and URL without the actual form provisions, a FLAG would be appropriate."
DEV-NORTHFIELD,CC-02,APPLIES,DelDOT bid package governed by Section 102.8 proposal-guaranty requirements.,FLAG,High,Proposal_and_General_Notices.pdf,"Proposal_and_General_Notices.pdf, p1, lines 13-14 (section ""Proposal guaranty / bid bond"")",Proposal Guaranty. Bid security equal to five percent (5%) of the total bid price is sufficient.,CC-02,DelDOT Standard Specifications Section 102.8 / Challenge Reference Rule CC-02,"Where applicable, proposal guaranty must equal 10% of total bid price.","The governing document (Proposal_and_General_Notices.pdf) explicitly states the bid security equals five percent (5%) of the total bid price. The Challenge Reference Rule requires ten percent (10%) of the total bid price. This is a direct, affirmative numerical conflict — 5% versus 10% — not a matter of vague or summary language. No addendum revises this provision. The deviation is material and provable by direct quotation from the package text.",0.94,"Human review required: the proposal guaranty clause specifies 5% of total bid price, which conflicts with the 10% requirement under DelDOT 102.8. The bid documents should be corrected or clarified before award to ensure the required bid security amount is properly stated and collected."
DEV-NORTHFIELD,CC-03,APPLIES,"DelDOT proposal, so the Section 102.15 non-collusive bidding certification applies.",NO_FLAG,Info,Proposal_and_General_Notices.pdf,"Proposal_and_General_Notices.pdf, p1, lines 15-17 (section ""Non-collusive bidding certification"")",NON-COLLUSION CERTIFICATION - The required certification is to be completed and included with the proposal.,CC-03,"DelDOT Standard Specifications + General Notices, DelDOT 102.15 / Challenge Reference Rule CC-03",Required non-collusive bidding certification must be present; harmless formatting/capitalization changes are not deviations.,"The governing document (Proposal_and_General_Notices.pdf) contains a section explicitly headed 'Non-collusive bidding certification' and states that 'The required certification is to be completed and included with the proposal.' This carries the requirement forward without contradiction. The capitalization difference ('NON-COLLUSION CERTIFICATION' vs. 'non-collusive bidding certification') is a harmless formatting variation expressly excluded from flagging by the Challenge Reference Rule. The clause does not negate, make optional, or narrow the requirement. No addendum revises this provision. The certification requirement is present and compliant.",0.91,"Review to confirm the actual signed non-collusive bidding certification form is physically present in the executed proposal package, as the clause directs completion and inclusion but the reviewed text does not reproduce the signed form itself."
DEV-NORTHFIELD,CC-04,APPLIES,Contract execution package governed by Section 103.5 bond requirements.,NO_FLAG,Info,General_Conditions.pdf,"General_Conditions.pdf, p1, lines 6-7 (section ""Performance and payment bonds"")","Required bond coverage shall equal one hundred percent (100%) of the contract price, subject to the referenced surety conditions.",CC-04,Challenge Reference Rule / DelDOT Standard Specifications Section 103.5,"Required performance and payment bond coverage is 100% of the contract price, subject to the referenced surety conditions.","The governing document (General_Conditions.pdf) states bond coverage at exactly 100% of the contract price and defers to the referenced surety conditions, which precisely matches the Challenge Reference Rule. No Addendum revises this provision. The clause is fully compliant in both the required percentage and the surety-conditions qualifier; there is no material deviation.",0.88,No action required — confirm bond forms at execution reflect 100% coverage and applicable surety conditions per DelDOT 103.5.
DEV-NORTHFIELD,CC-05,APPLIES,Successful-bidder execution package governed by Section 103.7.,NO_FLAG,Info,General_Conditions.pdf,"General_Conditions.pdf, p1, lines 8-10 (section ""Contract execution and proof of insurance"")",Contract Execution and Insurance. The successful bidder shall return required execution documents within the reference period and furnish required proof of insurance.,CC-05,Challenge Reference Rule for CC-05 / DelDOT 103.7,"Required execution documents must be returned within 20 calendar days after notice of award, and acceptable proof/certificate of insurance must be furnished before contract execution.","The governing clause at General_Conditions.pdf|p1|L9-L10 states that 'the successful bidder shall return required execution documents within the reference period and furnish required proof of insurance.' This clause defers to the reference period rather than stating a different number of days, and it preserves both obligations (timely return of execution documents and furnishing proof of insurance). Under the operating rules, a clause that defers to the reference rather than repeating its figures — and contradicts nothing — is compliant. The phrase 'within the reference period' does not conflict with the 20-calendar-day requirement; it incorporates it by reference. The requirement that proof of insurance be furnished before contract execution is carried forward by 'furnish required proof of insurance,' which imposes the same obligation without negating the timing. No Addendum revises this provision. No material deviation is present.",0.86,No action required — clause defers to the reference period and preserves both execution-timing and proof-of-insurance obligations consistent with the Challenge Reference Rule. Human reviewer should confirm that project-specific execution documents and insurance certificates are collected in accordance with the 20-calendar-day and pre-execution requirements at the time of award.
DEV-NORTHFIELD,CC-06,APPLIES,Delaware construction/maintenance contractor context described by the proposal.,NO_FLAG,Info,Proposal_and_General_Notices.pdf,"Proposal_and_General_Notices.pdf, p1, lines 18-20 (section ""Contractor Registration Act notice"")",Contractor Registration. A contractor or subcontractor performing covered work shall satisfy the required Delaware registration condition before beginning covered field work.,CC-06,Challenge Reference Rule for CC-06 (19 Del. C. § 3604),"For covered Delaware construction/maintenance work, the draft must not allow required contractor registration to occur only after work begins.","The package clause at lines Proposal_and_General_Notices.pdf|p1|L19–L20 expressly requires that the registration condition be satisfied 'before beginning covered field work.' This is fully consistent with the Challenge Reference Rule, which prohibits allowing registration to occur only after work begins. The clause does not permit post-commencement registration; it mandates pre-commencement compliance. The wording is a paraphrase of the statutory obligation and preserves the same substance. No conflict exists.",0.93,No action required — confirm that the 'before beginning covered field work' language is understood to encompass all covered Delaware construction/maintenance activities on this project.
DEV-NORTHFIELD,CC-07,APPLIES,Delaware public works proposal subject to 29 Del. C. 6967 licensing.,NO_FLAG,Info,Proposal_and_General_Notices.pdf,"Proposal_and_General_Notices.pdf, p1, lines 21-23 (section ""Delaware business / subcontractor licenses"")","License Documentation. Contractor and subcontractor licensing evidence remains due within the same reference deadlines, although this paragraph is reorganized.",CC-07,Challenge Reference Rule CC-07 / 29 Del. C. § 6967,"A current prime contractor occupational/business license must accompany the proposal; subcontractor/independent-contractor license copies must be provided within 30 days after entering the public works contract, or within 10 days after a subcontractor/independent contractor is hired more than 20 days after contract entry.","The governing document (Proposal_and_General_Notices.pdf) addresses this requirement under the heading 'Delaware business / subcontractor licenses.' The clause states that 'Contractor and subcontractor licensing evidence remains due within the same reference deadlines.' This is a deferral to the reference rather than a restatement of specific figures. It does not contradict, reduce, or negate any of the reference deadlines (proposal accompaniment for the prime; 30-day or 10-day post-hire windows for subcontractors). Per the operating rules, a clause that defers to the reference rather than repeating its numbers is compliant — a missing number is not an omission when the clause defers to the reference and contradicts nothing. No addendum revises this provision. Accordingly, no material deviation is present.",0.85,"Review and confirm that the proposal package physically includes the prime contractor's current occupational/business license as required at submission, and that the subcontractor license submission tracking process aligns with the 30-day and 10-day reference deadlines. No legal conclusion is made here."
DEV-NORTHFIELD,CC-08,DOES_NOT_APPLY,Project metadata lists no issued addenda or Q&A for this solicitation.,NO_FLAG,Info,Proposal_and_General_Notices.pdf,,,CC-08,DelDOT proposal + solicitation record - Attachments / Addenda,Use the latest provided Addendum/package version. A draft that ignores a later issued Addendum is a finding.,Requirement does not apply to this package. Project metadata lists no issued addenda or Q&A for this solicitation. No clause comparison was performed.,0.95,No action; confirm applicability against project metadata.
DEV-NORTHFIELD,CC-09,APPLIES,Project metadata states Buy America/BABA requirements apply to this federal-aid project.,FLAG,Critical,Proposal_and_General_Notices.pdf,"Proposal_and_General_Notices.pdf, p1, lines 6,7,24,25 (section ""Federal aid Yes"")",Buy America / BABA. Domestic-content requirements do not apply to this project.,CC-09,"Challenge Reference Rule (CC-09): 'if applicable, a clause saying it does not apply is a finding.'",Buy America/BABA requirements apply to this federal-aid project (metadata: buy_america_baba_applicable = Yes). A clause stating the requirement does not apply is a material deviation.,"The project metadata and the proposal's own summary (lines L6–L7) explicitly confirm this is a federal-aid project with Buy America/BABA applicable. However, the operative clause under the heading 'Buy America / BABA applicability' (line L25) affirmatively states 'Domestic-content requirements do not apply to this project.' This directly contradicts the applicable requirement. No addendum revises this provision. The governing document (Proposal_and_General_Notices.pdf) therefore contains a clause that negates a mandatory requirement, which is precisely the scenario the Challenge Reference Rule identifies as a finding. This is a material, provable conflict — not a vague or summary-level omission.",0.91,Human review required. The Buy America/BABA clause in Proposal_and_General_Notices.pdf must be corrected to affirmatively state that domestic-content requirements apply and include the required certification language. The current clause directly contradicts the project's federal-aid status and the applicable requirement.
DEV-NORTHFIELD,CC-10,APPLIES,"Multiple contract documents are incorporated and may conflict, so DelDOT 105.6 applies.",NO_FLAG,Info,General_Conditions.pdf,"General_Conditions.pdf, p1, lines 11-13 (section ""Coordination / order of precedence"")",Coordination. Contract documents are complementary. Conflicts shall be resolved using the order of precedence supplied in the applicable contract documents.,CC-10,DelDOT 105.6 / Challenge Reference Rule CC-10,Treat contract documents as complementary and resolve conflicts using the DelDOT 105.6 order of precedence: General Description > General Notices > Plans > Special Provisions > Standard Construction Details > Standard Specifications > Electronic Design Data Files.,"The General_Conditions.pdf clause at lines L11–L13 states that contract documents are complementary and that conflicts shall be resolved using 'the order of precedence supplied in the applicable contract documents.' This is a deferral to the governing reference rather than a restatement of the specific hierarchy. Under the operating rules, a clause that defers to the reference rather than repeating its figures or sequence is compliant — a missing enumeration of the specific tiers is not an omission when the clause contradicts nothing and points to the applicable contract documents for resolution. The clause does not invert, omit, or negate any tier of the DelDOT 105.6 hierarchy, nor does it substitute a different conflict-resolution mechanism. No Addendum revises this provision. The clause is therefore consistent with the Challenge Reference Rule.",0.87,No action required. Confirm that the phrase 'applicable contract documents' is understood by project staff to mean the DelDOT 105.6 hierarchy; no legal conclusion is made here.
DEV-NORTHFIELD,CC-11,APPLIES,Package includes contract-change / differing-site-condition provisions.,NO_FLAG,Info,General_Conditions.pdf,"General_Conditions.pdf, p1, lines 14-16 (section ""Contract changes must follow written process"")","Contract Changes. Scope, price, or time changes require the documented written process; oral direction alone does not modify the contract.",CC-11,DelDOT 104.2 / Challenge Reference Rule CC-11,Material contract changes must follow the documented written process; oral direction alone must not immediately alter scope/price/time.,"The governing document (General_Conditions.pdf) contains a clause under the heading 'Contract changes must follow written process' at lines L14–L16 that directly and fully restates the Challenge Reference Rule: it requires the documented written process for scope, price, or time changes and explicitly states that oral direction alone does not modify the contract. This is substantively identical to the reference requirement. No addendum revises this provision. The clause is compliant; no material deviation exists for this requirement.",0.88,No action required for CC-11. The written-process requirement is correctly stated in General_Conditions.pdf. Confirm no other document in the package contradicts this clause.
DEV-NORTHFIELD,CC-12,APPLIES,Package includes change-notification requirements under DelDOT 104.3.,FLAG,High,General_Conditions.pdf,"General_Conditions.pdf, p1, lines 17-19 (section ""Notification of contract changes"")",Change Notification. Written follow-up documentation may be submitted within thirty (30) calendar days after the alleged change.,CC-12,Challenge Reference Rule for CC-12 / DelDOT 104.3,The required written follow-up information is due within 7 calendar days of the initial notice.,"The Challenge Reference Rule requires written follow-up information within 7 calendar days of the initial notice. The General Conditions clause under 'Notification of contract changes' affirmatively states that written follow-up documentation 'may be submitted within thirty (30) calendar days after the alleged change.' This is a direct, material conflict: the deadline is extended from 7 calendar days to 30 calendar days. No addendum revises this provision. The deviation is provable by direct quotation and constitutes a material alteration of a key deadline. Human review is recommended.",0.88,Review and confirm — the 30-calendar-day written follow-up deadline in General_Conditions.pdf conflicts with the 7-calendar-day requirement in the Challenge Reference Rule. The provision should be corrected to require written follow-up within 7 calendar days of the initial notice.
DEV-NORTHFIELD,CC-13,APPLIES,Contract and subcontract performance records are subject to the Right to Audit notice.,NO_FLAG,Info,Proposal_and_General_Notices.pdf,"Proposal_and_General_Notices.pdf, p1, lines 26-28 (section ""Right to audit and record retention"")",Right to Audit. Relevant prime and subcontract records shall remain available for audit and be retained for three (3) years after final payment.,CC-13,Challenge Reference Rule CC-13 – Right to Audit,Relevant prime-contractor and subcontractor records supporting contract performance must be available for audit and retained for three years after final payment.,"The package clause at Proposal_and_General_Notices.pdf|p1|L27–L28 restates the reference requirement in substance: it covers both prime and subcontract records, preserves audit availability, and specifies the identical three-year retention period measured from final payment. No figure, deadline, or scope element is shortened, negated, or made optional. The clause is fully compliant with the Challenge Reference Rule.",0.94,No action required. The Right to Audit clause matches the reference requirement in all material respects; confirm as compliant.
DEV-NORTHFIELD,CC-14,DOES_NOT_APPLY,"Project metadata indicates no subcontracting is planned, so the subletting requirement does not apply.",NO_FLAG,Info,General_Conditions.pdf,,,CC-14,DelDOT Standard Specifications - DelDOT 108.1,"When subcontracting applies, use DelDOT Section 108.1 as the challenge baseline: the prime performs no less than 50% of the total original contract price with its own organization, excluding designated specialty items as provided by the reference; subletting requires written consent and does not relieve the prime of contract responsibility.","Requirement does not apply to this package. Project metadata indicates no subcontracting is planned, so the subletting requirement does not apply. No clause comparison was performed.",0.95,No action; confirm applicability against project metadata.
DEV-NORTHFIELD,CC-15,DOES_NOT_APPLY,"Project metadata records no claim scenario, so the claims procedure is not exercised.",NO_FLAG,Info,Proposal_and_General_Notices.pdf,,,CC-15,DelDOT Standard Specifications - DelDOT 105.15,"When a claim scenario applies, the challenge benchmark requires the reference notice/documentation process and a written claim within 30 calendar days after completion of the work described in the notice of intent, together with applicable Section 104.3 notice compliance. Harmless paraphrases are not findings.","Requirement does not apply to this package. Project metadata records no claim scenario, so the claims procedure is not exercised. No clause comparison was performed.",0.95,No action; confirm applicability against project metadata.
DEV-NORTHFIELD,CC-16,APPLIES,Project metadata records a delay/time-extension scenario.,FLAG,Medium,General_Conditions.pdf,"General_Conditions.pdf, p1, lines 20-22 (section ""Extensions of contract time"")",Time Extensions. Any delay automatically extends contract time for the length of the delay without further demonstration or timely supporting notice.,CC-16,DelDOT 108.7 / Challenge Reference Rule CC-16,"An extension requires an excusable delay, a timely written request/notice under the reference process, and an effect on the critical path/substantial-completion time. Delay does not create an automatic time extension.","The package clause at General_Conditions.pdf|p1|L21-L22 states that 'Any delay automatically extends contract time for the length of the delay without further demonstration or timely supporting notice.' This directly and affirmatively conflicts with all three elements of the reference rule: (1) it eliminates the requirement for an excusable delay by applying to 'any delay'; (2) it expressly waives the timely written notice/request requirement ('without further … timely supporting notice'); and (3) it eliminates the critical-path/substantial-completion effect requirement ('without further demonstration'). The clause does not defer to the reference or incorporate it by reference — it substitutes an automatic, unconditional extension mechanism. No addendum revises this provision. The governing document (General_Conditions.pdf) carries this defective text. Human review and correction are recommended.",0.89,"Review and revise the 'Extensions of contract time' clause in General_Conditions.pdf to reinstate the three required elements: excusable delay, timely written notice, and critical-path impact. The current automatic-extension language materially conflicts with DelDOT 108.7 and should not be executed without correction."
DEV-NORTHFIELD,CC-17,APPLIES,Package includes a liquidated-damages provision or governing schedule.,FLAG,Medium,Special_Provisions.pdf,"Special_Provisions.pdf, p1, lines 6-7 (section ""Liquidated damages schedule / rate logic"")","A fixed rate of $10,000 per calendar day applies to every contract regardless of contract value or governing schedule.",CC-17,DelDOT Standard Specifications Section 108.9 / Challenge Reference Rule CC-17,Liquidated-damages rate logic must be tied to the applicable reference schedule (based on contract value and time basis). A universal invented flat daily rate is a material deviation.,"The Special Provisions clause explicitly imposes a flat $10,000 per calendar day rate and expressly states it applies 'regardless of contract value or governing schedule.' This directly contradicts the Challenge Reference Rule, which requires the rate to be tied to the applicable DelDOT 108.9 schedule based on contract value and time basis. The clause does not defer to the reference schedule; instead it affirmatively displaces it with a universal invented flat daily rate. No addendum revises this provision. This is a material deviation as defined by the Challenge Reference Rule.",0.86,"Review and correct the liquidated damages clause in Special_Provisions.pdf to reference and apply the DelDOT Section 108.9 schedule rate appropriate to this contract's value ($1,750,000) and time basis, rather than the universal flat $10,000/day rate. Human review and contract revision recommended before execution."
DEV-NORTHFIELD,CC-18,DOES_NOT_APPLY,"Project metadata records no changed-work event, so change-pricing review does not apply.",NO_FLAG,Info,General_Conditions.pdf,,,CC-18,DelDOT Standard Specifications - DelDOT 109.4,"When changed work applies, the challenge benchmark pricing sequence is: applicable contract unit prices first, then negotiated prices, then force-account pricing if agreement is not reached, subject to the reference notice/documentation process. A fixed arbitrary markup that replaces this workflow is a material deviation.","Requirement does not apply to this package. Project metadata records no changed-work event, so change-pricing review does not apply. No clause comparison was performed.",0.95,No action; confirm applicability against project metadata.
DEV-PINE-GROVE,CC-01,DOES_NOT_APPLY,"Project metadata marks this project as not federal-aid, so FHWA-1273 incorporation does not apply.",NO_FLAG,Info,Proposal_and_General_Notices.pdf,,,CC-01,FHWA-1273 + federal-aid proposal - FHWA-1273 I.1,"If federal-aid metadata makes FHWA-1273 applicable, the form must be physically included in the package; a reference-only statement is insufficient for challenge scoring.","Requirement does not apply to this package. Project metadata marks this project as not federal-aid, so FHWA-1273 incorporation does not apply. No clause comparison was performed.",0.95,No action; confirm applicability against project metadata.
DEV-PINE-GROVE,CC-02,APPLIES,DelDOT bid package governed by Section 102.8 proposal-guaranty requirements.,FLAG,High,Proposal_and_General_Notices.pdf,"Proposal_and_General_Notices.pdf, p1, line 12 (section ""Proposal guaranty / bid bond"")",Proposal Guaranty. Bid security equal to five percent (5%) of the total bid price is sufficient.,CC-02,DelDOT Standard Specifications Section 102.8 / Challenge Reference Rule CC-02,"Where applicable, proposal guaranty must equal 10% of total bid price.","The governing document (Proposal_and_General_Notices.pdf) explicitly states the proposal guaranty is 5% of the total bid price. The Challenge Reference Rule requires 10% of the total bid price. This is a direct, affirmative numerical conflict — the package reduces the required bid security by half. No addendum revises this provision. The deviation is material and provable by direct quotation.",0.94,Human review required: the proposal guaranty clause specifies 5% rather than the required 10% of total bid price. The clause should be corrected or a conforming addendum issued before bid opening.
DEV-PINE-GROVE,CC-03,APPLIES,"DelDOT proposal, so the Section 102.15 non-collusive bidding certification applies.",FLAG,High,Proposal_and_General_Notices.pdf,"Proposal_and_General_Notices.pdf, p1, lines 13-14 (section ""Non-collusive bidding certification"")",Non-Collusive Bidding Certification. Submission of the certification is encouraged but optional.,CC-03,DelDOT Standard Specifications § 102.15 / Challenge Reference Rule CC-03,Required non-collusive bidding certification must be present; harmless formatting/capitalization changes are not deviations.,"The Challenge Reference Rule requires the non-collusive bidding certification to be present (mandatory). The package text at Proposal_and_General_Notices.pdf|p1|L14 affirmatively states the certification is 'encouraged but optional,' which directly negates the mandatory nature of the requirement. This is not a formatting or capitalization difference — it is a substantive conflict that renders a required element optional. No addendum revises this provision. The deviation is material and provable by direct quotation.",0.93,"Human review required: the non-collusive bidding certification clause must be corrected to reflect that submission is mandatory, not optional, before the proposal is issued or accepted."
DEV-PINE-GROVE,CC-04,APPLIES,Contract execution package governed by Section 103.5 bond requirements.,NO_FLAG,Info,General_Conditions.pdf,"General_Conditions.pdf, p1, lines 6-7 (section ""Performance and payment bonds"")","Required bond coverage shall equal one hundred percent (100%) of the contract price, subject to the referenced surety conditions.",CC-04,DelDOT Standard Specifications Section 103.5 / Challenge Reference Rule CC-04,"Required performance and payment bond coverage is 100% of the contract price, subject to the referenced surety conditions.","The governing document (General_Conditions.pdf) states bond coverage at exactly 100% of the contract price and defers to the referenced surety conditions, which precisely matches the Challenge Reference Rule. No Addendum revises this provision. The clause is fully compliant in both the required percentage and the surety-conditions qualifier. No material deviation exists.",0.88,No action required on this provision. Confirm executed bonds are issued at 100% of the final contract price with a qualifying surety at contract execution.
DEV-PINE-GROVE,CC-05,APPLIES,Successful-bidder execution package governed by Section 103.7.,NO_FLAG,Info,General_Conditions.pdf,"General_Conditions.pdf, p1, lines 8-10 (section ""Contract execution and proof of insurance"")",Contract Execution and Insurance. The successful bidder shall return required execution documents within the reference period and furnish required proof of insurance.,CC-05,Challenge Reference Rule for CC-05 / DelDOT 103.7,"Required execution documents must be returned within 20 calendar days after notice of award, and acceptable proof/certificate of insurance must be furnished before contract execution.","The governing document (General_Conditions.pdf) addresses both elements of the reference requirement. The clause states the successful bidder shall return execution documents 'within the reference period' — a deferral to the governing reference rather than a conflicting figure — and shall 'furnish required proof of insurance.' Neither element is negated, made optional, or given a conflicting deadline or condition. Per the operating rules, a clause that defers to the reference period rather than restating the 20-calendar-day figure is compliant; a missing number is not an omission when the clause defers to the reference and contradicts nothing. No addendum revises this provision. The clause is therefore consistent with the Challenge Reference Rule and does not constitute a material deviation.",0.87,"No action required. Confirm that the phrase 'reference period' is understood by all parties to mean 20 calendar days after notice of award as specified in DelDOT 103.7, and that 'required proof of insurance' is understood to require furnishing before contract execution."
DEV-PINE-GROVE,CC-06,APPLIES,Delaware construction/maintenance contractor context described by the proposal.,FLAG,High,Proposal_and_General_Notices.pdf,"Proposal_and_General_Notices.pdf, p1, lines 15-17 (section ""Contractor Registration Act notice"")","Contractor Registration. Covered work may begin before registration, provided registration is completed within thirty (30) days after field work starts.",CC-06,Challenge Reference Rule for CC-06 (19 Del. C. § 3604),"For covered Delaware construction/maintenance work, the draft must not allow required contractor registration to occur only after work begins.","The package text at lines Proposal_and_General_Notices.pdf|p1|L16–L17 affirmatively states that 'Covered work may begin before registration, provided registration is completed within thirty (30) days after field work starts.' This directly contradicts the Challenge Reference Rule, which prohibits the draft from allowing required contractor registration to occur only after work begins. The clause explicitly permits commencement of covered work prior to registration, making registration a post-commencement obligation rather than a prerequisite. This is a material deviation: the required sequence (register before performing covered work) is reversed and the protection is negated. No addendum revises this provision. The governing document is Proposal_and_General_Notices.pdf, which ranks highest in the precedence order for this provision.",0.93,"Human review required. The Contractor Registration Act notice clause should be revised to require registration before covered work begins, consistent with 19 Del. C. § 3604. The current language permitting work to start before registration is a material deviation and should not be executed as drafted."
DEV-PINE-GROVE,CC-07,APPLIES,Delaware public works proposal subject to 29 Del. C. 6967 licensing.,FLAG,High,Proposal_and_General_Notices.pdf,"Proposal_and_General_Notices.pdf, p1, lines 18-20 (section ""Delaware business / subcontractor licenses"")",Licenses. Bidder license evidence is not required with the proposal; subcontractor license copies may be provided sixty (60) days after engagement.,CC-07,Challenge Reference Rule for CC-07 / 29 Del. C. § 6967,"A current prime contractor occupational/business license must accompany the proposal. Subcontractor/independent-contractor license copies must be provided within 30 days after entering the public works contract, or within 10 days after a subcontractor/independent contractor is hired more than 20 days after contract entry.","The package text contains two material deviations from the reference rule. First, it states that 'Bidder license evidence is not required with the proposal,' directly negating the reference requirement that a current prime contractor business/occupational license must accompany the proposal. Second, it states that subcontractor license copies 'may be provided sixty (60) days after engagement,' which (a) changes the mandatory 30-day post-contract-entry deadline to 60 days, (b) omits the alternative 10-day deadline for subcontractors hired more than 20 days after contract entry, and (c) uses permissive language ('may be provided') rather than the mandatory obligation in the reference. Both deviations are affirmative conflicts with specific figures and mandatory obligations in the reference rule, not mere omissions of detail. No addendum revises this provision. Human review is strongly recommended.",0.92,"Review and correct the licensing clause in Proposal_and_General_Notices.pdf to (1) require that prime contractor business/occupational license evidence accompany the proposal, and (2) restore the 30-day post-contract-entry deadline and the 10-day deadline for subcontractors hired more than 20 days after contract entry, with mandatory rather than permissive language. Do not treat this as a legal conclusion."
DEV-PINE-GROVE,CC-08,DOES_NOT_APPLY,Project metadata lists no issued addenda or Q&A for this solicitation.,NO_FLAG,Info,Proposal_and_General_Notices.pdf,,,CC-08,DelDOT proposal + solicitation record - Attachments / Addenda,Use the latest provided Addendum/package version. A draft that ignores a later issued Addendum is a finding.,Requirement does not apply to this package. Project metadata lists no issued addenda or Q&A for this solicitation. No clause comparison was performed.,0.95,No action; confirm applicability against project metadata.
DEV-PINE-GROVE,CC-09,DOES_NOT_APPLY,Project metadata states Buy America/BABA requirements do not apply to this project.,NO_FLAG,Info,Proposal_and_General_Notices.pdf,,,CC-09,Federal-aid DelDOT proposal General Notices - Buy America Requirement,"Apply Buy America/BABA only when project metadata/reference indicates it applies; if applicable, a clause saying it does not apply is a finding.",Requirement does not apply to this package. Project metadata states Buy America/BABA requirements do not apply to this project. No clause comparison was performed.,0.95,No action; confirm applicability against project metadata.
DEV-PINE-GROVE,CC-10,APPLIES,"Multiple contract documents are incorporated and may conflict, so DelDOT 105.6 applies.",NO_FLAG,Info,General_Conditions.pdf,"General_Conditions.pdf, p1, lines 11-13 (section ""Coordination / order of precedence"")","Document Coordination. Read all contract documents together; when a conflict exists, apply the same priority sequence listed in the applicable contract documents.",CC-10,DelDOT 105.6 / Challenge Reference Rule CC-10,Treat contract documents as complementary and resolve conflicts using the stated order of precedence: General Description > General Notices > Plans > Special Provisions > Standard Construction Details > Standard Specifications > Electronic Design Data Files.,"The clause at lines General_Conditions.pdf|p1|L12–L13 directs that all contract documents be read together (complementary treatment) and that conflicts be resolved by 'the same priority sequence listed in the applicable contract documents.' This is a deferral to the governing reference rather than a restatement of the specific hierarchy. Per the operating rules, a clause that defers to the reference rather than repeating its figures or sequence is compliant — a missing enumeration of the tiers is not an omission when the clause contradicts nothing and points back to the applicable contract documents. The clause does not invert, omit, or negate any tier of the DelDOT 105.6 hierarchy, and no Addendum revises this provision. The clause is therefore consistent with the Challenge Reference Rule.",0.87,No action required. Confirm that the phrase 'the same priority sequence listed in the applicable contract documents' is understood by project staff to mean the DelDOT 105.6 hierarchy; no substantive revision appears necessary.
DEV-PINE-GROVE,CC-11,APPLIES,Package includes contract-change / differing-site-condition provisions.,FLAG,High,General_Conditions.pdf,"General_Conditions.pdf, p1, lines 15-16 (section ""Contract changes must follow written process"")","Oral direction from an authorized representative immediately modifies scope, price, or time even if never reduced to writing.",CC-11,DelDOT 104.2 / Challenge Reference Rule CC-11,Material contract changes must follow the documented written process; oral direction alone must not immediately alter scope/price/time.,"The governing document (General_Conditions.pdf) contains an affirmative statement that oral direction alone immediately modifies scope, price, or time even without any written reduction. This directly and materially conflicts with the Challenge Reference Rule, which prohibits oral direction from immediately altering scope, price, or time without the required written change process. The package text does not merely omit the written-process requirement — it affirmatively negates it by stating the oral direction is effective 'even if never reduced to writing.' No addendum supersedes this provision. This is a clear, provable deviation requiring human review.",0.89,"Human review required: the contract change clause in General_Conditions.pdf must be revised to remove the authorization of oral direction as an immediate modifier of scope, price, or time, and must instead require the documented written change process consistent with DelDOT 104.2."
DEV-PINE-GROVE,CC-12,APPLIES,Package includes change-notification requirements under DelDOT 104.3.,NO_FLAG,Info,General_Conditions.pdf,"General_Conditions.pdf, p1, lines 17-19 (section ""Notification of contract changes"")",Change Notification. Alleged changes require timely written notice and the reference follow-up documentation within the stated period.,CC-12,Challenge Reference Rule for CC-12 / DelDOT 104.3,"An alleged contract change requires immediate oral and written notice, affected work proceeds only after written direction, and the required written follow-up information is due within 7 calendar days of the initial notice unless a later governing document validly revises that provision.","The governing clause at General_Conditions.pdf|p1|L18-L19 states that 'alleged changes require timely written notice and the reference follow-up documentation within the stated period.' This is a deferral formulation: it does not specify a different deadline (e.g., 30 days instead of 7), does not negate any element, and does not make any step optional. The phrase 'within the stated period' incorporates by reference the 7-calendar-day deadline from the governing specification rather than contradicting it. Under the operating rules, a clause that defers to the reference rather than repeating its figures is compliant — a missing number is not an omission when the clause defers to the reference and contradicts nothing. No addendum revises this provision. The nearby clause at L15-L16 ('Oral direction from an authorized representative immediately modifies scope, price, or time even if never reduced to writing') is a material deviation, but it belongs to the separate 'Contract changes must follow written process' requirement (CC-11 or equivalent) and must not be imported into this CC-12 finding per the operating rules. Judged solely on the CC-12 change-notification clause, the package is compliant.",0.82,"Review and confirm — the change-notification clause defers to the reference period and does not conflict with the 7-calendar-day deadline. No action required on CC-12 alone, but human reviewer should separately assess the oral-direction clause at L15-L16 under the applicable written-process requirement."
DEV-PINE-GROVE,CC-13,APPLIES,Contract and subcontract performance records are subject to the Right to Audit notice.,FLAG,Medium,Proposal_and_General_Notices.pdf,"Proposal_and_General_Notices.pdf, p1, lines 22-23 (section ""Right to audit and record retention"")",Only prime-contractor records are subject to audit and records need be retained for one (1) year after final payment.,CC-13,Challenge Reference Rule – CC-13 Right to Audit,Relevant prime-contractor and subcontractor records supporting contract performance must be available for audit and retained for three years after final payment.,"The package text deviates from the reference in two material respects. First, it limits audit scope to 'Only prime-contractor records,' expressly excluding subcontractor records, whereas the reference requires both prime-contractor and subcontractor records to be available for audit. Second, it shortens the retention period to 'one (1) year after final payment,' whereas the reference mandates three years after final payment. Both deviations are affirmative conflicts with specific figures and scope requirements in the reference rule, not mere paraphrasing or deferral. No addendum revises this provision. The governing document (Proposal_and_General_Notices.pdf) carries this defective text and ranks highest in precedence for this provision.",0.94,"Human review required. The Right to Audit clause should be corrected to (1) extend audit rights to both prime-contractor and subcontractor records, and (2) restore the retention period to three years after final payment, consistent with the reference requirement."
DEV-PINE-GROVE,CC-14,APPLIES,"Project metadata indicates subcontractors will be used, so DelDOT 108.1 subletting limits apply.",NO_FLAG,Info,General_Conditions.pdf,"General_Conditions.pdf, p1, lines 21-22 (section ""Contract subletting"")",Subcontracting. Required Department approval/limits apply and the prime contractor remains responsible for contract performance.,CC-14,DelDOT Section 108.1 (Challenge Reference Rule for CC-14),Prime performs no less than 50% of total original contract price with its own organization (excluding designated specialty items); subletting requires written consent; prime is not relieved of contract responsibility.,"The governing clause in General_Conditions.pdf defers to the reference by stating 'Required Department approval/limits apply' — this incorporates the 50% self-performance threshold and written-consent requirement by reference without contradicting them. It also expressly preserves prime responsibility ('the prime contractor remains responsible for contract performance'), consistent with the reference. Under the operating rules, a clause that carries the requirement forward by pointing at the governing reference rather than repeating its figures is compliant. No package text affirmatively conflicts with the 50% floor, the written-consent requirement, or the non-relief-of-responsibility rule. The clause is brief and summary-level, but that is not a deviation. No addendum revises this provision.",0.86,"No action required on this requirement. Human reviewer should confirm that the Standard Specifications (DelDOT 108.1) are incorporated by reference in the contract documents so that the deferred 'approval/limits' are enforceable, but the clause itself does not materially weaken the subletting requirements."
DEV-PINE-GROVE,CC-15,DOES_NOT_APPLY,"Project metadata records no claim scenario, so the claims procedure is not exercised.",NO_FLAG,Info,Proposal_and_General_Notices.pdf,,,CC-15,DelDOT Standard Specifications - DelDOT 105.15,"When a claim scenario applies, the challenge benchmark requires the reference notice/documentation process and a written claim within 30 calendar days after completion of the work described in the notice of intent, together with applicable Section 104.3 notice compliance. Harmless paraphrases are not findings.","Requirement does not apply to this package. Project metadata records no claim scenario, so the claims procedure is not exercised. No clause comparison was performed.",0.95,No action; confirm applicability against project metadata.
DEV-PINE-GROVE,CC-16,APPLIES,Project metadata records a delay/time-extension scenario.,NO_FLAG,Info,General_Conditions.pdf,"General_Conditions.pdf, p1, lines 23-25 (section ""Extensions of contract time"")","Time Extensions. Extensions require the reference conditions, timely support, and demonstrated effect on contract time; they are not automatic for every delay.",CC-16,DelDOT 108.7 / Challenge Reference Rule CC-16,"An extension requires an excusable delay, a timely written request/notice under the reference process, and an effect on the critical path/substantial-completion time. Delay does not create an automatic time extension.","The governing clause at General_Conditions.pdf|p1|L24-L25 carries forward all three elements of the reference rule by incorporation/deference: (1) 'the reference conditions' preserves the excusable-delay requirement; (2) 'timely support' preserves the timely written notice/request requirement; (3) 'demonstrated effect on contract time' preserves the critical-path/substantial-completion effect requirement; and (4) 'they are not automatic for every delay' expressly negates automaticity. No figure, percentage, deadline or duration is altered, and no required element is negated or made optional. The clause is brief and deferential but consistent with the reference rule in every material respect. No addendum revision is needed. No material deviation exists.",0.87,"No action required. Confirm that 'the reference conditions' and 'timely support' are understood by project staff to mean DelDOT 108.7 excusable-delay criteria and written notice within the specified period, respectively."
DEV-PINE-GROVE,CC-17,APPLIES,Package includes a liquidated-damages provision or governing schedule.,FLAG,Medium,Special_Provisions.pdf,"Special_Provisions.pdf, p1, lines 6-7 (section ""Liquidated damages schedule / rate logic"")","A fixed rate of $10,000 per calendar day applies to every contract regardless of contract value or governing schedule.",CC-17,DelDOT Standard Specifications Section 108.9 / Challenge Reference Rule CC-17,Liquidated-damages rate logic must be tied to the applicable reference schedule (based on contract value and time basis). A universal invented flat daily rate is a material deviation.,"The Special Provisions clause explicitly imposes a flat rate of $10,000 per calendar day and expressly states it applies 'regardless of contract value or governing schedule.' This directly contradicts the Challenge Reference Rule, which requires the rate to be tied to the applicable Section 108.9 schedule based on contract value and time basis. The clause does not defer to the reference schedule — it affirmatively displaces it with a universal invented flat daily rate. No addendum revises this provision. This is a material deviation.",0.86,"Human review required. The liquidated-damages clause should be revised to reference and apply the DelDOT Section 108.9 schedule based on the applicable contract value ($480,000) and time basis, rather than imposing a flat $10,000/day rate regardless of contract value or governing schedule."
DEV-PINE-GROVE,CC-18,APPLIES,Project metadata records a changed-work pricing scenario.,NO_FLAG,Info,General_Conditions.pdf,"General_Conditions.pdf, p1, lines 27-28 (section ""Compensation for Changes. Changed work shall be priced/documented using the reference"")",Compensation for Changes. Changed work shall be priced/documented using the reference change-compensation workflow rather than an arbitrary fixed markup.,CC-18,Challenge Reference Rule (CC-18 / DelDOT 109.4),"Changed-work pricing sequence: applicable contract unit prices first, then negotiated prices, then force-account pricing if agreement is not reached, subject to the reference notice/documentation process. A fixed arbitrary markup that replaces this workflow is a material deviation.","The governing clause in General_Conditions.pdf (lines L27–L28) expressly requires that changed work be iced/documented 'using the reference change-compensation workflow rather than an arbitrary fixed markup.' This is a compliant incorporation-by-reference formulation: it defers to the reference workflow (unit prices → negotiated prices → force-account) and explicitly prohibits the one thing the Challenge Reference Rule identifies as a material deviation — a fixed arbitrary markup replacing that workflow. No figure, percentage, deadline or duration is altered, and no required element is negated or made optional. The clause is consistent with the reference requirement. No Addendum revises this provision. The neighboring Special Provisions liquidated-damages clause (a flat $10,000/day rate) belongs to a separate requirement and is not evaluated here.",0.82,"No action required on CC-18. The compensation-for-changes clause defers to the reference workflow and prohibits arbitrary fixed markups, which satisfies the Challenge Reference Rule. Human reviewer should confirm no other document in the package introduces a conflicting fixed-markup provision for changed work."
DEV-RIVERBEND,CC-01,APPLIES,"Project metadata marks this a federal-aid contract funded under Title 23, so FHWA-1273 incorporation applies.",NO_FLAG,Info,FHWA_1273_Contract_Provisions_Attachment.pdf,"FHWA_1273_Contract_Provisions_Attachment.pdf, p1, lines 6,7,11,12 (section ""Attachment status""); Proposal_and_General_Notices.pdf, p1, line 12 (section ""Federal requirements"")","The FHWA-1273 required contract provisions attachment is represented as physically included in this sample package. [...] For purposes of this sample package, the presence of this attachment represents physical inclusion of the referenced federal provision. Participants may consult the official FHWA source for the governing text. | FHWA-1273 is physically included in this package as an attachment.",CC-01,FHWA-1273 I.1 / Challenge Reference Rule CC-01,"If federal-aid metadata makes FHWA-1273 applicable, the form must be physically included in the package; a reference-only statement is insufficient for challenge scoring.","The governing document after precedence resolution is FHWA_1273_Contract_Provisions_Attachment.pdf. That file explicitly states that 'the presence of this attachment represents physical inclusion of the referenced federal provision,' and the Proposal and General Notices confirms 'FHWA-1273 is physically included in this package as an attachment.' The Challenge Reference Rule requires physical inclusion, not mere reference. The package presents FHWA_1273_Contract_Provisions_Attachment.pdf as the physically included form itself — it is not a clause that merely points to an external URL in lieu of inclusion. The URL at line L10 is labeled 'Official reference' for participant consultation, not a substitute for the attachment. On the evidence available, the package satisfies the physical-inclusion requirement. No Addendum revises this provision. Human review is recommended to confirm that the attachment file in the actual executed package contains the full FHWA-1273 text and is not merely a cover sheet with a hyperlink.",0.75,"Review and confirm that FHWA_1273_Contract_Provisions_Attachment.pdf in the executed contract package contains the complete FHWA-1273 form text and is not limited to the cover-sheet language shown in this sample; if the executed file contains only the cover sheet and URL, escalate to FLAG / Critical."
DEV-RIVERBEND,CC-02,APPLIES,DelDOT bid package governed by Section 102.8 proposal-guaranty requirements.,NO_FLAG,Info,Proposal_and_General_Notices.pdf,"Proposal_and_General_Notices.pdf, p1, lines 14-15 (section ""Proposal guaranty / bid bond"")",Proposal Guaranty. The proposal shall include acceptable bid security equal to ten percent (10%) of the total bid price.,CC-02,DelDOT Standard Specifications Section 102.8 / Challenge Reference Rule CC-02,"Where applicable, proposal guaranty must equal 10% of total bid price.",The governing document (Proposal_and_General_Notices.pdf) states verbatim that the proposal shall include acceptable bid security equal to ten percent (10%) of the total bid price. This precisely matches the Challenge Reference Rule requiring the proposal guaranty to equal 10% of the total bid price. No Addendum revises this provision. There is no material deviation.,0.94,No action required — the proposal guaranty clause in Proposal_and_General_Notices.pdf fully satisfies the 10% requirement. Confirm at bid opening that the submitted bid security instrument equals 10% of the actual total bid price.
DEV-RIVERBEND,CC-03,APPLIES,"DelDOT proposal, so the Section 102.15 non-collusive bidding certification applies.",NO_FLAG,Info,Proposal_and_General_Notices.pdf,"Proposal_and_General_Notices.pdf, p1, lines 16-18 (section ""Non-collusive bidding certification"")",Non-Collusive Bidding Certification. The required certification shall be completed and submitted with the proposal.,CC-03,"DelDOT Standard Specifications + General Notices, DelDOT 102.15 / Challenge Reference Rule CC-03",Required non-collusive bidding certification must be present; harmless formatting/capitalization changes are not deviations.,"The governing document (Proposal_and_General_Notices.pdf) contains a heading 'Non-collusive bidding certification' and the clause 'The required certification shall be completed and submitted with the proposal.' This carries the obligation forward without contradiction: it mandates completion and submission of the certification with the proposal, which is substantively equivalent to the reference requirement. No Addendum revises this provision. The clause is compliant; the capitalization difference ('Non-Collusive' vs. 'non-collusive') is a harmless formatting variation expressly excluded from flagging by the Challenge Reference Rule.",0.91,"No action required. Confirm at bid opening that the signed non-collusive bidding certification form is physically present in the submitted proposal package, as the clause mandates its completion and submission."
DEV-RIVERBEND,CC-04,APPLIES,Contract execution package governed by Section 103.5 bond requirements.,NO_FLAG,Info,General_Conditions.pdf,"General_Conditions.pdf, p1, lines 6-7 (section ""Performance and payment bonds"")","Performance and Payment Bonds. Required bond coverage shall equal one hundred percent (100%) of the contract price, subject to the referenced surety conditions.",CC-04,Challenge Reference Rule for CC-04 / DelDOT 103.5,"Required performance and payment bond coverage is 100% of the contract price, subject to the referenced surety conditions.","The governing document (General_Conditions.pdf) states bond coverage at exactly 100% of the contract price and defers to the referenced surety conditions, which precisely matches the Challenge Reference Rule. No Addendum revises this provision. The clause is fully compliant in both the required percentage and the surety-conditions qualifier; there is no material deviation.",0.88,No action required — confirm that the executed bond forms will reflect 100% of the final contract price and that the surety meets DelDOT 103.5 eligibility conditions at contract execution.
DEV-RIVERBEND,CC-05,APPLIES,Successful-bidder execution package governed by Section 103.7.,NO_FLAG,Info,General_Conditions.pdf,"General_Conditions.pdf, p1, lines 9-10 (section ""Contract execution and proof of insurance"")",The successful bidder shall return required execution documents within the reference period and furnish required proof of insurance.,CC-05,Challenge Reference Rule for CC-05 / DelDOT 103.7,"Required execution documents must be returned within 20 calendar days after notice of award, and acceptable proof/certificate of insurance must be furnished before contract execution.","The governing clause in General_Conditions.pdf (the highest-precedence document for this provision) states that the successful bidder shall return execution documents 'within the reference period' and 'furnish required proof of insurance.' The phrase 'within the reference period' defers to the governing specification (20 calendar days after notice of award) rather than contradicting it, and 'furnish required proof of insurance' preserves the insurance obligation without negating or making it optional. Under the operating rules, a clause that defers to the reference instead of repeating its figures is compliant — a missing number is not an omission when the clause contradicts nothing. No Addendum revises this provision. The clause is therefore consistent with the Challenge Reference Rule and does not constitute a material deviation.",0.86,"No action required on this provision. Human reviewer should confirm that the phrase 'reference period' is understood by all parties to mean 20 calendar days after notice of award per DelDOT 103.7, and that the insurance-furnishing obligation is understood to apply before contract execution."
DEV-RIVERBEND,CC-06,APPLIES,Delaware construction/maintenance contractor context described by the proposal.,NO_FLAG,Info,Proposal_and_General_Notices.pdf,"Proposal_and_General_Notices.pdf, p1, lines 19-21 (section ""Contractor Registration Act notice"")",Contractor Registration. A contractor or subcontractor performing covered work shall satisfy the required Delaware registration condition before beginning covered field work.,CC-06,Challenge Reference Rule for CC-06 (19 Del. C. § 3604),"For covered Delaware construction/maintenance work, the draft must not allow required contractor registration to occur only after work begins.","The governing document (Proposal_and_General_Notices.pdf) expressly states that registration must be satisfied 'before beginning covered field work.' This directly aligns with the Challenge Reference Rule, which prohibits the draft from allowing registration to occur only after work begins. The clause does not contradict, narrow, or make optional the pre-work registration requirement. No Addendum revises this provision. The clause is fully compliant.",0.93,"No action required — confirm that the 'before beginning covered field work' language in Proposal_and_General_Notices.pdf, p1, lines L20–L21 is retained in the executed contract without modification."
DEV-RIVERBEND,CC-07,APPLIES,Delaware public works proposal subject to 29 Del. C. 6967 licensing.,NO_FLAG,Info,Proposal_and_General_Notices.pdf,"Proposal_and_General_Notices.pdf, p1, lines 22-24 (section ""Delaware business / subcontractor licenses"")",Licenses. Required Delaware contractor/business and subcontractor license evidence shall be furnished within the reference timing stated in the applicable contract documents.,CC-07,Challenge Reference Rule CC-07 / 29 Del. C. § 6967,"A current prime contractor occupational/business license must accompany the proposal. Subcontractor/independent-contractor license copies must be provided within 30 days after entering the public works contract, or within 10 days after a subcontractor/independent contractor is hired more than 20 days after contract entry.","The governing document (Proposal_and_General_Notices.pdf) addresses CC-07 under the heading 'Delaware business / subcontractor licenses.' The clause states that 'Required Delaware contractor/business and subcontractor license evidence shall be furnished within the reference timing stated in the applicable contract documents.' This is a deferral to the reference timing rather than a restatement of specific figures. Per the operating rules, a clause that defers to the reference rather than repeating its figures is compliant — a missing number is not an omission when the clause defers to the reference and contradicts nothing. The clause does not negate, shorten, or conflict with any element of the reference rule (prime license with proposal; subcontractor licenses within 30 days of contract entry or 10 days if hired more than 20 days after entry). No Addendum revises this provision. The clause is therefore consistent with the reference requirement and no material deviation is present.",0.87,Review and confirm that the underlying contract documents referenced by this deferral clause contain the full statutory timing requirements (prime license with proposal; 30-day and 10-day subcontractor submission windows). No legal conclusion is made here.
DEV-RIVERBEND,CC-08,APPLIES,Project metadata lists issued addenda (Addendum 1).,NO_FLAG,Info,Proposal_and_General_Notices.pdf,"Proposal_and_General_Notices.pdf, p1, lines 9,25,26 (section ""Issued addenda Addendum 1"")",Addenda Acknowledgment. The bidder acknowledges all Addenda listed in the current document index.,CC-08,CC-08 – Challenge Reference Rule: Use the latest provided Addendum/package version. A draft that ignores a later issued Addendum is a finding.,The package must acknowledge the current addenda/Q&A and must not treat the original proposal as self-updating. A draft that ignores a later issued Addendum is a finding.,"The governing document (Proposal_and_General_Notices.pdf) contains an explicit Addenda Acknowledgment clause at line L26 stating the bidder acknowledges 'all Addenda listed in the current document index.' The project summary at line L9 lists 'Issued addenda: Addendum 1,' confirming Addendum 1 is identified in the package. The acknowledgment clause defers to the 'current document index' rather than treating the original proposal as self-updating, which is consistent with the Challenge Reference Rule. The package does not ignore the issued addendum; it affirmatively references it. No conflict with the reference requirement exists.",0.84,Review and confirm that the document index referenced in the Addenda Acknowledgment clause is current and includes Addendum 1 as listed in the project metadata. No further action required if confirmed.
DEV-RIVERBEND,CC-09,APPLIES,Project metadata states Buy America/BABA requirements apply to this federal-aid project.,NO_FLAG,Info,Proposal_and_General_Notices.pdf,"Proposal_and_General_Notices.pdf, p1, lines 7,27,28,29 (section ""Buy America/BABA applicable Yes"")","Buy America/BABA applicable Yes ... Buy America / BABA. Where the project metadata states these requirements apply, the contractor shall comply with the applicable domestic-content requirements.",CC-09,"Challenge Reference Rule (CC-09): Apply Buy America/BABA only when project metadata/reference indicates it applies; if applicable, a clause saying it does not apply is a finding.","When Buy America/BABA is applicable (as indicated by project metadata), the contract must not omit or contradict the requirement. A clause stating it does not apply would be a finding.","The project metadata explicitly marks Buy America/BABA as applicable ('buy_america_baba_applicable: Yes'), and the governing document Proposal_and_General_Notices.pdf confirms this at line L7 ('Buy America/BABA applicable Yes'). The dedicated Buy America/BABA clause at lines L27-L29 affirmatively imposes compliance: 'Where the project metadata states these requirements apply, the contractor shall comply with the applicable domestic-content requirements.' This language does not negate, contradict, or omit the requirement — it carries the obligation forward by deferring to the project metadata determination and mandating compliance. No addendum revises this provision. The clause is consistent with the Challenge Reference Rule and constitutes no material deviation.",0.90,"No action required. Confirm that the Buy America/BABA clause in Proposal_and_General_Notices.pdf is read in conjunction with any applicable certification forms required by FHWA-1273 (physically included as an attachment), to ensure certification language is also present in the executed package."
DEV-RIVERBEND,CC-10,APPLIES,"Multiple contract documents are incorporated and may conflict, so DelDOT 105.6 applies.",NO_FLAG,Info,General_Conditions.pdf,"General_Conditions.pdf, p1, lines 11-13 (section ""Coordination / order of precedence"")","Document Coordination. Read all contract documents together; when a conflict exists, apply the same priority sequence listed in the applicable contract documents.",CC-10,DelDOT 105.6 / Challenge Reference Rule CC-10,Treat contract documents as complementary and resolve conflicts using the stated order of precedence: General Description > General Notices > Plans > Special Provisions > Standard Construction Details > Standard Specifications > Electronic Design Data Files.,"The governing clause at General_Conditions.pdf|p1|L12–L13 directs that all contract documents be read together (complementary treatment) and that conflicts be resolved by applying 'the same priority sequence listed in the applicable contract documents.' This is a deferral to the reference rather than a contradiction of it. The clause does not invert, omit, or negate the DelDOT 105.6 hierarchy; it incorporates it by reference. Under the operating rules, a clause that defers to the governing reference instead of repeating its enumerated list is compliant — a missing enumeration is not an omission when the clause contradicts nothing and points back to the applicable contract documents. No Addendum revises this provision. The clause is therefore consistent with the Challenge Reference Rule.",0.87,"No action required on this provision. Human reviewer may confirm that the phrase 'the applicable contract documents' is understood by project staff to mean the DelDOT 105.6 hierarchy, but no material deviation is present."
DEV-RIVERBEND,CC-11,APPLIES,Package includes contract-change / differing-site-condition provisions.,NO_FLAG,Info,Addendum_A.pdf,"Addendum_A.pdf, p1, lines 7-8 (section ""Revision to Contract changes must follow written process"")","Contract Changes. Scope, price, or time changes require the documented written process; oral direction alone does not modify the contract.",CC-11,Challenge Reference Rule (CC-11 / DelDOT 104.2),Material contract changes must follow the documented written process; oral direction alone must not immediately alter scope/price/time.,"Addendum_A.pdf explicitly revises the 'Contract changes must follow written process' provision and, per the precedence instruction, governs over the earlier General_Conditions.pdf text (lines General_Conditions.pdf|p1|L15–L16) which improperly allowed oral direction to immediately modify scope, price, or time. The Addendum replacement text at lines Addendum_A.pdf|p1|L7–L8 states that scope, price, or time changes require the documented written process and that oral direction alone does not modify the contract. This language directly satisfies the Challenge Reference Rule. The earlier conflicting General Conditions text is superseded and is not a finding. No material deviation exists in the governing provision.",0.88,No action required on this provision. Human reviewer should confirm that Addendum_A.pdf is properly incorporated into the executed contract package and that the superseded General Conditions language (General_Conditions.pdf|p1|L15–L16) is clearly marked as replaced or removed to avoid contractor confusion in the field.
DEV-RIVERBEND,CC-12,APPLIES,Package includes change-notification requirements under DelDOT 104.3.,FLAG,High,General_Conditions.pdf,"Addendum_A.pdf, p1, lines 7-8 (section ""Revision to Contract changes must follow written process""); General_Conditions.pdf, p1, lines 15,16,18,19 (section ""Contract changes must follow written process"")","Oral direction from an authorized representative immediately modifies scope, price, or time even if never reduced to writing. [...] Written follow-up documentation may be submitted within thirty (30) calendar days after the alleged change.",CC-12,Challenge Reference Rule (CC-12 / DelDOT 104.3),The Challenge Reference Rule requires: (1) immediate oral AND written notice for an alleged change; (2) affected work proceeds only after written direction; (3) required written follow-up information is due within 7 calendar days of the initial notice.,"Two material deviations exist in General_Conditions.pdf. First, lines L15–L16 state that 'Oral direction from an authorized representative immediately modifies scope, price, or time even if never reduced to writing.' This directly contradicts the reference rule, which requires written direction before affected work proceeds and does not permit oral direction alone to modify the contract. Addendum_A (L7–L8) partially corrects this by stating 'oral direction alone does not modify the contract,' which aligns with the reference on that point. However, Addendum_A does not address the second deviation. Second, lines L18–L19 state that 'Written follow-up documentation may be submitted within thirty (30) calendar days after the alleged change.' The reference rule requires written follow-up within 7 calendar days. The package extends this deadline to 30 calendar days — a fourfold increase — and no addendum revises this provision. This is an affirmative, quantified conflict with the reference rule's 7-calendar-day deadline. Additionally, the package omits the reference requirement that affected work proceeds only after written direction (partially remedied by Addendum_A but not fully addressed). The 30-day deadline deviation is unambiguous and material. Human review is required.",0.88,"Review and confirm: General_Conditions.pdf lines L18–L19 set a 30-calendar-day deadline for written follow-up, conflicting with the 7-calendar-day requirement in the Challenge Reference Rule. This provision must be corrected. Also confirm that Addendum_A sufficiently addresses the oral-direction issue at L15–L16 and that no further revision is needed to align with the requirement that affected work proceeds only after written direction."
DEV-RIVERBEND,CC-13,APPLIES,Contract and subcontract performance records are subject to the Right to Audit notice.,NO_FLAG,Info,Proposal_and_General_Notices.pdf,"Proposal_and_General_Notices.pdf, p2, lines 2-3 (section ""Right to audit and record retention"")",Right to Audit. Relevant prime and subcontract records shall remain available for audit and be retained for three (3) years after final payment.,CC-13,Challenge Reference Rule – CC-13 Right to Audit,Relevant prime-contractor and subcontractor records supporting contract performance must be available for audit and retained for three years after final payment.,"The package clause at Proposal_and_General_Notices.pdf p2 L2–L3 restates the reference requirement in substance and in full: it covers both prime and subcontract records, preserves audit availability, and specifies the identical three-year retention period measured from final payment. No figure, deadline, or scope element is altered or omitted. No Addendum revises this provision. The clause is fully compliant with the Challenge Reference Rule.",0.94,No action required. Confirm that the governing Proposal_and_General_Notices.pdf clause is carried forward into executed contract documents without modification.
DEV-RIVERBEND,CC-14,APPLIES,"Project metadata indicates subcontractors will be used, so DelDOT 108.1 subletting limits apply.",NO_FLAG,Info,General_Conditions.pdf,"General_Conditions.pdf, p1, lines 20-22 (section ""Contract subletting"")",Subcontracting. Required Department approval/limits apply and the prime contractor remains responsible for contract performance.,CC-14,DelDOT Section 108.1 (Challenge Reference Rule for CC-14),Prime performs no less than 50% of the total original contract price with its own organization (excluding designated specialty items); subletting requires written consent; prime is not relieved of contract responsibility.,"The governing clause at General_Conditions.pdf|p1|L21-22 states that 'Required Department approval/limits apply and the prime contractor remains responsible for contract performance.' This language defers to the reference rather than restating specific figures. Under the operating rules, a clause that carries the requirement forward by pointing at the governing reference instead of repeating its numbers is compliant — incorporation by reference preserves the obligation. The phrase 'Required Department approval/limits apply' preserves the written-consent and 50%-self-performance requirements by deferring to the applicable reference limits, and 'the prime contractor remains responsible for contract performance' preserves the non-relief-of-responsibility obligation. The clause does not affirmatively conflict with, reduce, negate, or make optional any element of the Challenge Reference Rule. No Addendum revises this provision. Accordingly, no material deviation is present.",0.85,Review and confirm that the phrase 'Required Department approval/limits apply' is understood by all parties to incorporate the full DelDOT 108.1 self-performance minimum (50%) and written-consent requirement. No legal conclusion is made; human reviewer should verify that no separate project-specific provision elsewhere narrows these limits.
DEV-RIVERBEND,CC-15,APPLIES,Project metadata records an unresolved contract-change/claim scenario.,FLAG,Medium,General_Conditions.pdf,"General_Conditions.pdf, p1, lines 23-25 (section ""Claims procedure"")",Claims. A contractor may preserve a claim by giving general notice within sixty (60) days; detailed contemporaneous documentation is optional.,CC-15,Challenge Reference Rule (CC-15 / DelDOT 105.15),"The reference requires: (1) the reference notice/documentation process; (2) a written claim within 30 calendar days after completion of the work described in the notice of intent; and (3) applicable Section 104.3 notice compliance. Supporting documentation is a mandatory expectation, not optional.","The governing document (General_Conditions.pdf) contains two material deviations from the Challenge Reference Rule. First, the package states notice may be given within 'sixty (60) days,' whereas the reference requires a written claim within 30 calendar days after completion of the work described in the notice of intent — the 60-day figure affirmatively conflicts with the 30-calendar-day deadline. Second, the package states that 'detailed contemporaneous documentation is optional,' whereas the reference mandates the notice/documentation process and supporting-document expectations as requirements, not optional elements. Making documentation optional directly negates a required element. No Addendum revises this provision; Addendum_A.pdf addresses only the written-process requirement for contract changes (oral direction), not the claims procedure. Both deviations are provable by direct quotation and constitute material conflicts with the reference rule.",0.83,"Human review required. The claims procedure clause in General_Conditions.pdf should be revised to: (1) replace the 60-day notice period with the 30-calendar-day deadline for the written claim after completion of the noticed work, and (2) remove the characterization of detailed contemporaneous documentation as optional, restoring it as a mandatory requirement consistent with DelDOT 105.15 and Section 104.3 notice compliance."
DEV-RIVERBEND,CC-16,APPLIES,Project metadata records a delay/time-extension scenario.,FLAG,Medium,General_Conditions.pdf,"General_Conditions.pdf, p1, lines 27-28 (section ""Extensions of contract time"")",Any delay automatically extends contract time for the length of the delay without further demonstration or timely supporting notice.,CC-16,DelDOT 108.7 / Challenge Reference Rule CC-16,"An extension requires an excusable delay, a timely written request/notice under the reference process, and an effect on the critical path/substantial-completion time. Delay does not create an automatic time extension.","The package clause at General_Conditions.pdf|p1|L27–L28 states that 'Any delay automatically extends contract time for the length of the delay without further demonstration or timely supporting notice.' This directly and affirmatively conflicts with all three elements of the reference rule: (1) it eliminates the requirement for an excusable delay by applying to 'any delay'; (2) it eliminates the timely written request/notice requirement by stating no 'timely supporting notice' is needed; and (3) it eliminates the critical-path/substantial-completion effect requirement by granting an extension 'without further demonstration.' The reference rule expressly states that 'delay does not create an automatic time extension,' yet the package clause creates exactly that automatic extension. No Addendum revises this provision — Addendum_A.pdf addresses only the written-process requirement for contract changes, not time extensions. The governing document (General_Conditions.pdf) therefore contains a material deviation from CC-16 on all three required elements.",0.89,"Human review required: the time-extension clause should be revised to reinstate the requirements for excusable delay, timely written notice, and critical-path impact before the contract is executed. Confirm whether a corrective addendum or special provision is needed."
DEV-RIVERBEND,CC-17,APPLIES,Package includes a liquidated-damages provision or governing schedule.,NO_FLAG,Info,Special_Provisions.pdf,"Special_Provisions.pdf, p1, lines 5-7 (section ""Liquidated damages schedule / rate logic"")",Liquidated Damages. The governing contract/reference schedule shall be used; no single invented flat rate applies to all contract values.,CC-17,DelDOT Standard Specifications Section 108.9 / Challenge Reference Rule CC-17,Liquidated-damages rate logic must be tied to the applicable reference schedule rather than a universal invented flat daily rate. A universal invented flat daily rate is a material deviation.,"The Special Provisions clause at Special_Provisions.pdf|p1|L6–L7 expressly defers to 'the governing contract/reference schedule' and affirmatively states that 'no single invented flat rate applies to all contract values.' This language is fully consistent with the Challenge Reference Rule, which prohibits a universal invented flat daily rate and requires rate logic tied to the applicable reference schedule. The clause does not invent or impose an arbitrary flat rate; instead it incorporates the reference schedule by deferral. No Addendum revises this provision. The governing document (Special_Provisions.pdf) satisfies the requirement.",0.86,"No action required. Confirm that the referenced governing schedule is the DelDOT 108.9 schedule applicable to this contract value ($8,200,000) and that no separate schedule document contradicts this provision."
DEV-RIVERBEND,CC-18,APPLIES,Project metadata records a changed-work pricing scenario.,FLAG,Medium,General_Conditions.pdf,"General_Conditions.pdf, p1, lines 29-31 (section ""Compensation for changes"")",Compensation for Changes. All changed work shall be compensated at direct cost plus a fixed twenty-five percent (25%) markup without the reference documentation/workflow.,CC-18,DelDOT 109.4 / Challenge Reference Rule CC-18,"The required pricing sequence is: applicable contract unit prices first, then negotiated prices, then force-account pricing if agreement is not reached, subject to the reference notice/documentation process. A fixed arbitrary markup that replaces this workflow is a material deviation.","The General_Conditions.pdf clause at lines L30–L31 affirmatively replaces the three-step pricing sequence (contract unit prices → negotiated prices → force-account) with a single flat rate of 'direct cost plus a fixed twenty-five percent (25%) markup' and explicitly states this applies 'without the reference documentation/workflow.' This directly conflicts with the Challenge Reference Rule on two counts: (1) it substitutes a fixed arbitrary markup for the required sequential pricing method, and (2) it expressly eliminates the notice/documentation process dependency. Addendum_A.pdf addresses only the written-process requirement for scope/price/time changes and does not revise or supersede the compensation-for-changes clause. No other document in the package corrects this deviation. The governing document (General_Conditions.pdf) therefore contains a material deviation from CC-18.",0.84,"Review and revise the 'Compensation for Changes' clause in General_Conditions.pdf to restore the required three-step pricing sequence (contract unit prices, then negotiated prices, then force-account) and reinstate the notice/documentation process dependency, consistent with DelDOT 109.4."
DEV-STONE-CREEK,CC-01,APPLIES,"Project metadata marks this a federal-aid contract funded under Title 23, so FHWA-1273 incorporation applies.",NO_FLAG,Info,FHWA_1273_Contract_Provisions_Attachment.pdf,"FHWA_1273_Contract_Provisions_Attachment.pdf, p1, lines 6,7,11,12 (section ""Attachment status""); Proposal_and_General_Notices.pdf, p1, line 13 (section ""Federal requirements"")","The FHWA-1273 required contract provisions attachment is represented as physically included in this sample package. [...] For purposes of this sample package, the presence of this attachment represents physical inclusion of the referenced federal provision.",CC-01,FHWA-1273 I.1 / Challenge Reference Rule CC-01,"If federal-aid metadata makes FHWA-1273 applicable, the form must be physically included in the package; a reference-only statement is insufficient for challenge scoring.","The governing document after precedence resolution is FHWA_1273_Contract_Provisions_Attachment.pdf. That document explicitly states that 'the FHWA-1273 required contract provisions attachment is represented as physically included in this sample package' and that 'the presence of this attachment represents physical inclusion of the referenced federal provision.' The Proposal and General Notices further confirms: 'FHWA-1273 is physically included in this package as an attachment.' The package therefore represents the form as physically incorporated, not merely referenced by URL or citation alone. The URL at line FHWA_1273_Contract_Provisions_Attachment.pdf|p1|L10 is supplementary and does not negate the physical-inclusion representation. No Addendum revises this provision. The Challenge Reference Rule requires physical inclusion, and the package asserts physical inclusion. There is no affirmative conflict with the reference rule.",0.79,"Confirm that the FHWA-1273 form text is in fact fully reproduced within FHWA_1273_Contract_Provisions_Attachment.pdf and not merely described as present. The attachment's language ('represented as physically included') is consistent with physical incorporation, but a human reviewer should verify the actual form content is present in the executed package rather than relying solely on the self-description."
DEV-STONE-CREEK,CC-02,APPLIES,DelDOT bid package governed by Section 102.8 proposal-guaranty requirements.,NO_FLAG,Info,Proposal_and_General_Notices.pdf,"Proposal_and_General_Notices.pdf, p1, lines 14-16 (section ""Proposal guaranty / bid bond"")",Proposal Guaranty. The proposal shall include acceptable bid security equal to ten percent (10%) of the total bid price.,CC-02,DelDOT Standard Specifications Section 102.8 / Challenge Reference Rule CC-02,"Where applicable, proposal guaranty must equal 10% of total bid price.","The governing document (Proposal_and_General_Notices.pdf) states the proposal guaranty must equal exactly ten percent (10%) of the total bid price, which precisely matches the Challenge Reference Rule requiring 10% of total bid price. No Addendum revises this provision. The clause is fully compliant — the percentage, scope, and obligation are identical to the reference requirement. No material deviation exists.",0.94,No action required. Confirm that an acceptable bid security instrument (bid bond or equivalent) in the amount of 10% of the total bid price is physically present in the submitted proposal package.
DEV-STONE-CREEK,CC-03,APPLIES,"DelDOT proposal, so the Section 102.15 non-collusive bidding certification applies.",NO_FLAG,Info,Proposal_and_General_Notices.pdf,"Proposal_and_General_Notices.pdf, p1, lines 17-19 (section ""Non-collusive bidding certification"")",Non-Collusive Bidding Certification. The required certification shall be completed and submitted with the proposal.,CC-03,DelDOT 102.15 / Challenge Reference Rule CC-03,Required non-collusive bidding certification must be present; harmless formatting/capitalization changes are not deviations.,The governing document (Proposal_and_General_Notices.pdf) contains a dedicated 'Non-collusive bidding certification' section that mandates the certification be completed and submitted with the proposal. This preserves the substance of the requirement: the certification is required and must accompany the proposal. The capitalization difference ('Non-Collusive' vs. 'non-collusive') is a harmless formatting variation. No Addendum revises this provision. The clause is fully compliant with the Challenge Reference Rule.,0.92,No action required — confirm at execution stage that the signed certification form is physically present in the submitted proposal package.
DEV-STONE-CREEK,CC-04,APPLIES,Contract execution package governed by Section 103.5 bond requirements.,NO_FLAG,Info,Addendum_A.pdf,"Addendum_A.pdf, p1, lines 7-8 (section ""Revision to Performance and payment bonds"")","Performance and Payment Bonds. Required bond coverage shall equal one hundred percent (100%) of the contract price, subject to the referenced surety conditions.",CC-04,Challenge Reference Rule (CC-04 / DelDOT 103.5),"Required performance and payment bond coverage is 100% of the contract price, subject to the referenced surety conditions.","Addendum_A.pdf explicitly revises the Performance and Payment Bonds provision and governs over the earlier General_Conditions.pdf text (which stated 75% coverage). The Addendum replacement text at lines L7–L8 states bond coverage shall equal 100% of the contract price, subject to the referenced surety conditions — matching the Challenge Reference Rule exactly in both the coverage percentage and the surety-conditions qualifier. The superseded 75% figure in General_Conditions.pdf is not a finding because the Addendum corrects it. No material deviation exists in the governing text.",0.88,"No action required on this provision. Confirm that Addendum_A.pdf has been formally issued and acknowledged by the bidder/contractor, and that the superseded General Conditions text (75%) is understood to be replaced."
DEV-STONE-CREEK,CC-05,APPLIES,Successful-bidder execution package governed by Section 103.7.,FLAG,High,General_Conditions.pdf,"General_Conditions.pdf, p1, lines 10-11 (section ""Contract execution and proof of insurance"")",Execution documents may be returned within forty-five (45) calendar days. Proof of insurance need not be provided before execution.,CC-05,Challenge Reference Rule (CC-05 / DelDOT 103.7),"Required execution documents must be returned within 20 calendar days after notice of award, and acceptable proof/certificate of insurance must be furnished before contract execution.","The governing document (General_Conditions.pdf) contains two material deviations from the Challenge Reference Rule. First, it extends the execution document return period from 20 calendar days to 45 calendar days — an affirmative numerical conflict. Second, it states 'Proof of insurance need not be provided before execution,' which directly negates the mandatory pre-execution insurance requirement. No Addendum revises this provision; Addendum_A.pdf addresses only bonds and order of precedence, leaving both deviations in force. Both conflicts are proven by verbatim package text.",0.90,"Human review required. The General Conditions materially alter two mandatory requirements: (1) the 20-calendar-day execution deadline is extended to 45 days, and (2) the pre-execution proof-of-insurance obligation is expressly negated. Both provisions should be corrected to conform to the reference rule before contract execution."
DEV-STONE-CREEK,CC-06,APPLIES,Delaware construction/maintenance contractor context described by the proposal.,NO_FLAG,Info,Proposal_and_General_Notices.pdf,"Proposal_and_General_Notices.pdf, p1, lines 20-22 (section ""Contractor Registration Act notice"")",Contractor Registration. A contractor or subcontractor performing covered work shall satisfy the required Delaware registration condition before beginning covered field work.,CC-06,Challenge Reference Rule for CC-06 / 19 Del. C. § 3604,"For covered Delaware construction/maintenance work, the draft must not allow required contractor registration to occur only after work begins.","The package clause at Proposal_and_General_Notices.pdf p1 L21-L22 expressly requires that the registration condition be satisfied 'before beginning covered field work.' This directly aligns with the Challenge Reference Rule, which prohibits allowing registration to occur only after work begins. The clause does not permit post-commencement registration; it mandates pre-work compliance. No Addendum revises this provision. There is no material deviation from the reference requirement.",0.93,No action required — confirm that the 'before beginning covered field work' language is understood to encompass all covered Delaware construction/maintenance activities as defined under 19 Del. C. § 3604.
DEV-STONE-CREEK,CC-07,APPLIES,Delaware public works proposal subject to 29 Del. C. 6967 licensing.,NO_FLAG,Info,Proposal_and_General_Notices.pdf,"Proposal_and_General_Notices.pdf, p1, lines 23-25 (section ""Delaware business / subcontractor licenses"")",Licenses. Required Delaware contractor/business and subcontractor license evidence shall be furnished within the reference timing stated in the applicable contract documents.,CC-07,Challenge Reference Rule CC-07 / 29 Del. C. § 6967,"A current prime contractor occupational/business license must accompany the proposal. Subcontractor/independent-contractor license copies must be provided within 30 days after entering the public works contract, or within 10 days after a subcontractor/independent contractor is hired more than 20 days after contract entry.","The governing clause in Proposal_and_General_Notices.pdf (the highest-precedence document for this provision) does not state specific day counts, but it expressly defers to 'the reference timing stated in the applicable contract documents.' Under the operating rules, a clause that defers to the reference rather than repeating its figures is compliant — a missing number is not an omission when the clause defers to the reference and contradicts nothing. The clause affirmatively preserves the obligation for both the prime contractor license and subcontractor license evidence without narrowing scope, altering deadlines, or negating any requirement. No Addendum revises this provision. There is no affirmative conflict with the 30-day / 10-day timing or the proposal-submission requirement for the prime license.",0.87,"Review and confirm — the clause defers to reference timing rather than restating the specific day counts (30 days / 10 days) and proposal-submission requirement. Human reviewer should verify that the 'applicable contract documents' referenced in the clause do in fact incorporate the 29 Del. C. § 6967 timing requirements, and that bidders are on notice of the prime-license-with-proposal obligation. No legal conclusion is made."
DEV-STONE-CREEK,CC-08,APPLIES,Project metadata lists issued addenda (Addendum 1).,NO_FLAG,Info,Proposal_and_General_Notices.pdf,"Proposal_and_General_Notices.pdf, p1, lines 10,26,27 (section ""Issued addenda Addendum 1"")",Addenda Acknowledgment. The bidder acknowledges all Addenda listed in the current document index.,CC-08,CC-08 – Addenda and Q&A currency / Challenge Reference Rule,The package must acknowledge the current addenda/Q&A and must not treat the original proposal as self-updating. The latest provided Addendum/package version governs; a draft that ignores a later issued Addendum is a finding.,"The governing document (Proposal_and_General_Notices.pdf) contains a dedicated 'Addenda and Q&A; currency' clause at line L27 that reads: 'The bidder acknowledges all Addenda listed in the current document index.' The project summary on the same page (line L10) lists 'Issued addenda: Addendum 1', confirming that Addendum 1 is captured in the document index. The acknowledgment clause defers to the 'current document index' rather than treating the original proposal as self-updating, which satisfies the Challenge Reference Rule. No later Addendum revises this provision. The clause is consistent with the reference requirement and presents no material deviation.",0.85,No action required. Confirm that the executed bid form includes a signed acknowledgment of Addendum 1 consistent with the document index reference.
DEV-STONE-CREEK,CC-09,APPLIES,Project metadata states Buy America/BABA requirements apply to this federal-aid project.,NO_FLAG,Info,Proposal_and_General_Notices.pdf,"Proposal_and_General_Notices.pdf, p1, lines 28-30 (section ""Buy America / BABA applicability"")",Domestic Content. The project is subject to the applicable Buy America / BABA requirements identified in the project metadata.,CC-09,"Challenge Reference Rule (CC-09): Apply Buy America/BABA only when project metadata/reference indicates it applies; if applicable, a clause saying it does not apply is a finding.","For a federal-aid project whose metadata states Buy America/BABA applies, the contract must not omit or contradict the applicability and certification language. A clause affirmatively stating the requirement does not apply would be a finding.","The governing document (Proposal_and_General_Notices.pdf) contains a dedicated 'Buy America / BABA applicability' section that affirmatively states the project is subject to the applicable Buy America / BABA requirements, deferring to the project metadata which confirms applicability. This is consistent with the Challenge Reference Rule: the requirement applies per metadata, and the clause confirms applicability rather than denying or contradicting it. The clause does not say Buy America/BABA does not apply, nor does it omit the requirement. Incorporation by reference to the project metadata preserves the obligation. No Addendum revises this provision. No material deviation exists.",0.90,No action required. Confirm that the project metadata and any referenced Buy America/BABA certification forms are physically included or otherwise incorporated in the final executed package.
DEV-STONE-CREEK,CC-10,APPLIES,"Multiple contract documents are incorporated and may conflict, so DelDOT 105.6 applies.",NO_FLAG,Info,Addendum_A.pdf,"Addendum_A.pdf, p1, lines 11-12 (section ""Revision to Coordination / order of precedence"")",Coordination. Contract documents are complementary. Conflicts shall be resolved using the order of precedence supplied in the applicable contract documents.,CC-10,DelDOT 105.6 / Challenge Reference Rule CC-10,Treat contract documents as complementary and resolve conflicts using the stated order of precedence (General Description > General Notices > Plans > Special Provisions > Standard Construction Details > Standard Specifications > Electronic Design Data Files).,"Addendum_A.pdf explicitly revises the 'Coordination / order of precedence' provision and therefore governs over the earlier General_Conditions.pdf text at line [General_Conditions.pdf|p1|L13], which had inverted the precedence hierarchy (Standard Specifications over Special Provisions and General Notices). The Addendum replacement text affirms that contract documents are complementary and that conflicts shall be resolved using 'the order of precedence supplied in the applicable contract documents.' This is a deferral to the governing reference rather than a restatement of specific figures, and it contradicts nothing in the Challenge Reference Rule. Per the operating rules, a clause that defers to the reference rather than repeating its figures is compliant — the missing enumerated sequence is not an omission when the clause defers to the applicable contract documents and does not conflict with the reference. The Addendum corrects the earlier inverted-precedence provision; the superseded text is not a finding.",0.87,"No action required on this provision. Human reviewer should confirm that the 'applicable contract documents' referenced in the Addendum replacement text are understood by all parties to incorporate the DelDOT 105.6 precedence sequence, and that no other document in the package re-introduces the inverted hierarchy from the superseded General Conditions text."
DEV-STONE-CREEK,CC-11,APPLIES,Package includes contract-change / differing-site-condition provisions.,FLAG,High,General_Conditions.pdf,"General_Conditions.pdf, p1, lines 14-16 (section ""Contract changes must follow written process"")","Contract Changes. Oral direction from an authorized representative immediately modifies scope, price, or time even if never reduced to writing.",CC-11,DelDOT 104.2 / Challenge Reference Rule CC-11,Material contract changes must follow the documented written process; oral direction alone must not immediately alter scope/price/time.,"The governing document (General_Conditions.pdf) explicitly states that oral direction from an authorized representative 'immediately modifies scope, price, or time even if never reduced to writing.' This directly and affirmatively conflicts with the Challenge Reference Rule, which prohibits oral direction alone from immediately altering scope, price, or time. No Addendum revises this provision. The deviation is material: it negates the written-process requirement entirely for oral directions, bypassing the mandatory written change mechanism. This is not a vague or summary-level clause — it is an operative provision that contradicts the reference rule word-for-word in substance.",0.89,"Human review required. The 'Contract Changes' clause in General_Conditions.pdf must be revised to require the documented written process for all material contract changes and to prohibit oral direction alone from immediately modifying scope, price, or time. Confirm whether any other document in the package corrects this provision before proceeding."
DEV-STONE-CREEK,CC-12,APPLIES,Package includes change-notification requirements under DelDOT 104.3.,NO_FLAG,Info,General_Conditions.pdf,"General_Conditions.pdf, p1, lines 17-19 (section ""Notification of contract changes"")",Change Notification. Alleged changes require timely written notice and the reference follow-up documentation within the stated period.,CC-12,Challenge Reference Rule for CC-12 / DelDOT 104.3,"An alleged contract change requires immediate oral and written notice, affected work proceeds only after written direction, and the required written follow-up information is due within 7 calendar days of the initial notice.","The governing clause at General_Conditions.pdf|p1|L18-L19 states that 'Alleged changes require timely written notice and the reference follow-up documentation within the stated period.' This language defers to the reference rather than restating specific figures. It does not affirmatively conflict with any element of the Challenge Reference Rule: it does not eliminate the oral-notice requirement, does not permit work to proceed before written direction, and does not alter the 7-calendar-day deadline — it simply points back to 'the stated period,' which preserves the reference obligation. Under the operating rules, a clause that defers to the reference instead of repeating its numbers is compliant. No Addendum revises this provision. Accordingly, no material deviation is established.",0.82,Review and confirm — the change-notification clause defers to the reference period and does not affirmatively conflict with the 7-calendar-day deadline or other required steps; human reviewer should verify no other package document narrows or negates the oral-notice or prior-written-direction requirements.
DEV-STONE-CREEK,CC-13,APPLIES,Contract and subcontract performance records are subject to the Right to Audit notice.,NO_FLAG,Info,Proposal_and_General_Notices.pdf,"Proposal_and_General_Notices.pdf, p2, lines 2-4 (section ""Right to audit and record retention"")",Right to Audit. Relevant prime and subcontract records shall remain available for audit and be retained for three (3) years after final payment.,CC-13,Challenge Reference Rule CC-13 – Right to Audit,Relevant prime-contractor and subcontractor records supporting contract performance must be available for audit and retained for three years after final payment.,"The package clause at Proposal_and_General_Notices.pdf p2 L3–L4 precisely mirrors the Challenge Reference Rule: it covers both prime and subcontract records, requires availability for audit, and mandates retention for three (3) years after final payment. No figure, duration, or scope element is altered or omitted. No Addendum revises this provision. The governing document (Proposal_and_General_Notices.pdf) fully satisfies the requirement.",0.94,No action required — confirm that the Right to Audit clause in Proposal_and_General_Notices.pdf page 2 is carried forward into the executed contract without modification.
DEV-STONE-CREEK,CC-14,APPLIES,"Project metadata indicates subcontractors will be used, so DelDOT 108.1 subletting limits apply.",FLAG,High,General_Conditions.pdf,"General_Conditions.pdf, p1, lines 21-22 (section ""Contract subletting"")","Subcontracting. Up to eighty percent (80%) of the work may be subcontracted without Department approval, and the prime is not responsible for subcontractor performance.",CC-14,DelDOT Section 108.1 / Challenge Reference Rule CC-14,The prime must perform no less than 50% of the total original contract price with its own organization (excluding designated specialty items); subletting requires written consent and does not relieve the prime of contract responsibility.,"The package clause at General_Conditions.pdf|p1|L21–L22 materially deviates from the reference in two independent ways. First, it permits up to 80% of the work to be subcontracted, which means the prime need only self-perform 20% — directly conflicting with the reference requirement that the prime perform no less than 50% of the total original contract price with its own organization. Second, it states 'the prime is not responsible for subcontractor performance,' which directly negates the reference requirement that subletting does not relieve the prime of contract responsibility. No Addendum revises this provision; the governing document remains General_Conditions.pdf. Both deviations are affirmative conflicts proven by the quoted package language, not mere omissions or vague placeholders.",0.91,"Human review required. The subletting clause must be corrected to (1) require the prime to self-perform no less than 50% of the total original contract price with its own organization, and (2) confirm that subletting does not relieve the prime of contract responsibility. Both elements are materially weakened in the current package text."
DEV-STONE-CREEK,CC-15,APPLIES,Project metadata records an unresolved contract-change/claim scenario.,FLAG,Medium,General_Conditions.pdf,"General_Conditions.pdf, p1, lines 23-25 (section ""Claims procedure"")",Claims. A contractor may preserve a claim by giving general notice within sixty (60) days; detailed contemporaneous documentation is optional.,CC-15,Challenge Reference Rule (CC-15 / DelDOT 105.15),"The reference requires: (1) the reference notice/documentation process; (2) a written claim within 30 calendar days after completion of the work described in the notice of intent; and (3) applicable Section 104.3 notice compliance. Contemporaneous supporting documentation is a mandatory element of the process, not optional.","The package clause deviates from the Challenge Reference Rule in two material respects. First, it states the notice window is 'sixty (60) days,' whereas the reference requires a written claim within 30 calendar days after completion of the work described in the notice of intent — a direct numerical conflict (60 days vs. 30 days). Second, the clause expressly states that 'detailed contemporaneous documentation is optional,' which directly negates the reference requirement that the notice/documentation process and supporting documents are mandatory prerequisites to a valid claim. These are affirmative conflicts with the reference, not mere paraphrases or omissions. No Addendum revises this provision, so the General_Conditions.pdf text governs and the deviations stand.",0.84,"Human review required. The claims procedure clause in General_Conditions.pdf conflicts with the reference on two points: (1) the notice/claim deadline is stated as 60 days rather than the required 30 calendar days after completion of the noticed work, and (2) contemporaneous documentation is characterized as optional rather than mandatory. Both deviations should be corrected before contract execution."
DEV-STONE-CREEK,CC-16,APPLIES,Project metadata records a delay/time-extension scenario.,NO_FLAG,Info,General_Conditions.pdf,"General_Conditions.pdf, p1, lines 26-28 (section ""Extensions of contract time"")","Time Extensions. Extensions require the reference conditions, timely support, and demonstrated effect on contract time; they are not automatic for every delay.",CC-16,Challenge Reference Rule for CC-16 / DelDOT 108.7,"An extension requires an excusable delay, a timely written request/notice under the reference process, and an effect on the critical path/substantial-completion time. Delay does not create an automatic time extension.","The governing clause in General_Conditions.pdf (the highest-precedence document for this provision, with no Addendum revision) states that extensions 'require the reference conditions, timely support, and demonstrated effect on contract time' and are 'not automatic for every delay.' This language incorporates by reference all three elements mandated by the Challenge Reference Rule: (1) excusable-delay/reference conditions, (2) timely written notice/support, and (3) critical-path/substantial-completion effect. The clause also expressly negates automaticity. Although the clause does not repeat the specific procedural details of DelDOT 108.7, it defers to 'the reference conditions' rather than contradicting them, which is compliant under the incorporation-by-reference principle. No affirmative conflict with the reference rule is present.",0.86,"No action required on this provision. Human reviewer may confirm that 'the reference conditions' is understood by project staff to mean DelDOT 108.7 in full, but no material deviation is identified."
DEV-STONE-CREEK,CC-17,APPLIES,Package includes a liquidated-damages provision or governing schedule.,FLAG,Medium,Special_Provisions.pdf,"Special_Provisions.pdf, p1, lines 7-8 (section ""Liquidated damages schedule / rate logic"")","A fixed rate of $10,000 per calendar day applies to every contract regardless of contract value or governing schedule.",CC-17,DelDOT Standard Specifications Section 108.9 (Challenge Reference Rule CC-17),The governing Section 108.9 liquidated-damages schedule/rate logic must be tied to the applicable contract value and time basis. A universal invented flat daily rate is a material deviation.,"The Special Provisions clause explicitly imposes a universal flat daily rate of $10,000 per calendar day and expressly states it applies 'regardless of contract value or governing schedule.' This directly conflicts with the Challenge Reference Rule, which requires the LD rate to be tied to the applicable reference schedule based on contract value and time basis. The clause does not defer to the Section 108.9 schedule; instead, it affirmatively displaces it with an invented flat rate. No Addendum revises this provision, so the Special Provisions text governs. The phrase 'regardless of contract value or governing schedule' is the precise language the Challenge Reference Rule identifies as a material deviation — a universal invented flat daily rate.",0.86,"Human review required. The liquidated-damages clause should be revised to tie the daily rate to the applicable DelDOT Section 108.9 schedule based on contract value, rather than imposing a flat $10,000 per day regardless of contract value or governing schedule."
DEV-STONE-CREEK,CC-18,APPLIES,Project metadata records a changed-work pricing scenario.,FLAG,Medium,General_Conditions.pdf,"General_Conditions.pdf, p1, lines 29-31 (section ""Compensation for changes"")",Compensation for Changes. All changed work shall be compensated at direct cost plus a fixed twenty-five percent (25%) markup without the reference documentation/workflow.,CC-18,Challenge Reference Rule (CC-18 / DelDOT 109.4),"The reference pricing sequence requires: applicable contract unit prices first, then negotiated prices, then force-account pricing if agreement is not reached, subject to the reference notice/documentation process. A fixed arbitrary markup that replaces this workflow is a material deviation.",The General Conditions clause at lines L30–L31 affirmatively replaces the three-step pricing sequence (contract unit prices → negotiated prices → force-account) with a single flat formula: 'direct cost plus a fixed twenty-five percent (25%) markup.' It further explicitly eliminates the required notice/documentation workflow by stating 'without the reference documentation/workflow.' Both elements — the mandatory pricing-method sequence and the timely-notice/documentation dependency — are negated by the package text. No Addendum revises this provision; Addendum_A.pdf addresses only bonds and order-of-precedence. This is a material deviation from the Challenge Reference Rule.,0.84,Human review required. The Compensation for Changes clause in General_Conditions.pdf materially conflicts with the reference pricing-method sequence and eliminates the required documentation/workflow. The clause should be revised to restore the three-step pricing hierarchy (unit prices → negotiated prices → force-account) and the notice/documentation dependency consistent with DelDOT 109.4.
